2026-06-03 16:18:42 [Information] Executed DbCommand ("6"ms) [Parameters=[""], CommandType='Text', CommandTimeout='30']"
""SELECT COUNT(*) FROM \"sqlite_master\" WHERE \"type\" = 'table' AND \"rootpage\" IS NOT NULL;"
2026-06-03 16:18:42 [Information] Now listening on: "http://localhost:5071"
2026-06-03 16:18:42 [Information] Application started. Press Ctrl+C to shut down.
2026-06-03 16:18:42 [Information] Hosting environment: "Development"
2026-06-03 16:18:42 [Information] Content root path: "C:\Users\fahre\hotel-booking-integration\HotelBooking.API"
2026-06-03 16:18:46 [Information] Request starting "HTTP/1.1" "GET" "http"://"localhost:5071""""/""" - null null
2026-06-03 16:18:46 [Information] The file "/index.html" was not modified
2026-06-03 16:18:46 [Information] Request finished "HTTP/1.1" "GET" "http"://"localhost:5071""""/index.html""" - 304 null "text/html" 26.2841ms
2026-06-03 16:18:46 [Information] Request starting "HTTP/1.1" "GET" "http"://"localhost:5071""""/api/Booking/rooms""" - null null
2026-06-03 16:18:46 [Information] Request starting "HTTP/1.1" "GET" "http"://"localhost:5071""""/api/Booking/bookings""" - null null
2026-06-03 16:18:46 [Warning] Failed to determine the https port for redirect.
2026-06-03 16:18:46 [Information] Executing endpoint '"HotelBooking.API.Controllers.BookingController.GetBookings (HotelBooking.API)"'
2026-06-03 16:18:46 [Information] Executing endpoint '"HotelBooking.API.Controllers.BookingController.GetRooms (HotelBooking.API)"'
2026-06-03 16:18:46 [Information] Route matched with "{action = \"GetRooms\", controller = \"Booking\"}". Executing controller action with signature "System.Threading.Tasks.Task`1[Microsoft.AspNetCore.Mvc.IActionResult] GetRooms()" on controller "HotelBooking.API.Controllers.BookingController" ("HotelBooking.API").
2026-06-03 16:18:46 [Information] Route matched with "{action = \"GetBookings\", controller = \"Booking\"}". Executing controller action with signature "System.Threading.Tasks.Task`1[Microsoft.AspNetCore.Mvc.IActionResult] GetBookings()" on controller "HotelBooking.API.Controllers.BookingController" ("HotelBooking.API").
2026-06-03 16:18:46 [Information] Запрос списка бронирований
2026-06-03 16:18:46 [Information] Запрос списка номеров
2026-06-03 16:18:46 [Information] Executed DbCommand ("1"ms) [Parameters=[""], CommandType='Text', CommandTimeout='30']"
""SELECT \"r\".\"Id\", \"r\".\"Capacity\", \"r\".\"HotelId\", \"r\".\"IsAvailable\", \"r\".\"PricePerNight\", \"r\".\"RoomId\", \"r\".\"Type\"
FROM \"Rooms\" AS \"r\""
2026-06-03 16:18:46 [Information] Executed DbCommand ("1"ms) [Parameters=[""], CommandType='Text', CommandTimeout='30']"
""SELECT \"b\".\"Id\", \"b\".\"BookingId\", \"b\".\"CheckIn\", \"b\".\"CheckOut\", \"b\".\"CreatedAt\", \"b\".\"GuestEmail\", \"b\".\"GuestName\", \"b\".\"RoomId\", \"b\".\"Status\", \"b\".\"TotalAmount\"
FROM \"Bookings\" AS \"b\""
2026-06-03 16:18:46 [Information] Успешно загружено 1 номеров
2026-06-03 16:18:46 [Information] Успешно загружено 8 бронирований
2026-06-03 16:18:46 [Information] Executing "OkObjectResult", writing value of type '"System.Collections.Generic.List`1[[IntegrationService.Models.Room, IntegrationService, Version=1.0.0.0, Culture=neutral, PublicKeyToken=null]]"'.
2026-06-03 16:18:46 [Information] Executing "OkObjectResult", writing value of type '"System.Collections.Generic.List`1[[IntegrationService.Models.Booking, IntegrationService, Version=1.0.0.0, Culture=neutral, PublicKeyToken=null]]"'.
2026-06-03 16:18:46 [Information] Executed action "HotelBooking.API.Controllers.BookingController.GetRooms (HotelBooking.API)" in 178.9306ms
2026-06-03 16:18:46 [Information] Executed action "HotelBooking.API.Controllers.BookingController.GetBookings (HotelBooking.API)" in 177.9826ms
2026-06-03 16:18:46 [Information] Executed endpoint '"HotelBooking.API.Controllers.BookingController.GetRooms (HotelBooking.API)"'
2026-06-03 16:18:46 [Information] Executed endpoint '"HotelBooking.API.Controllers.BookingController.GetBookings (HotelBooking.API)"'
2026-06-03 16:18:46 [Information] Request finished "HTTP/1.1" "GET" "http"://"localhost:5071""""/api/Booking/bookings""" - 200 null "application/json; charset=utf-8" 211.4479ms
2026-06-03 16:18:46 [Information] Request finished "HTTP/1.1" "GET" "http"://"localhost:5071""""/api/Booking/rooms""" - 200 null "application/json; charset=utf-8" 211.4575ms
2026-06-03 16:18:47 [Information] Request starting "HTTP/1.1" "GET" "http"://"localhost:5071""""/api/Booking/bookings""" - null null
2026-06-03 16:18:47 [Information] Executing endpoint '"HotelBooking.API.Controllers.BookingController.GetBookings (HotelBooking.API)"'
2026-06-03 16:18:47 [Information] Route matched with "{action = \"GetBookings\", controller = \"Booking\"}". Executing controller action with signature "System.Threading.Tasks.Task`1[Microsoft.AspNetCore.Mvc.IActionResult] GetBookings()" on controller "HotelBooking.API.Controllers.BookingController" ("HotelBooking.API").
2026-06-03 16:18:47 [Information] Запрос списка бронирований
2026-06-03 16:18:47 [Information] Executed DbCommand ("0"ms) [Parameters=[""], CommandType='Text', CommandTimeout='30']"
""SELECT \"b\".\"Id\", \"b\".\"BookingId\", \"b\".\"CheckIn\", \"b\".\"CheckOut\", \"b\".\"CreatedAt\", \"b\".\"GuestEmail\", \"b\".\"GuestName\", \"b\".\"RoomId\", \"b\".\"Status\", \"b\".\"TotalAmount\"
FROM \"Bookings\" AS \"b\""
2026-06-03 16:18:47 [Information] Успешно загружено 8 бронирований
2026-06-03 16:18:47 [Information] Executing "OkObjectResult", writing value of type '"System.Collections.Generic.List`1[[IntegrationService.Models.Booking, IntegrationService, Version=1.0.0.0, Culture=neutral, PublicKeyToken=null]]"'.
2026-06-03 16:18:47 [Information] Executed action "HotelBooking.API.Controllers.BookingController.GetBookings (HotelBooking.API)" in 40.2999ms
2026-06-03 16:18:47 [Information] Executed endpoint '"HotelBooking.API.Controllers.BookingController.GetBookings (HotelBooking.API)"'
2026-06-03 16:18:47 [Information] Request finished "HTTP/1.1" "GET" "http"://"localhost:5071""""/api/Booking/bookings""" - 200 null "application/json; charset=utf-8" 45.8295ms
2026-06-03 16:19:23 [Information] Request starting "HTTP/1.1" "POST" "http"://"localhost:5071""""/api/Booking/book""" - "application/json" 126
2026-06-03 16:19:23 [Information] Executing endpoint '"HotelBooking.API.Controllers.BookingController.CreateBooking (HotelBooking.API)"'
2026-06-03 16:19:23 [Information] Route matched with "{action = \"CreateBooking\", controller = \"Booking\"}". Executing controller action with signature "System.Threading.Tasks.Task`1[Microsoft.AspNetCore.Mvc.IActionResult] CreateBooking(HotelBooking.API.Controllers.CreateBookingRequest)" on controller "HotelBooking.API.Controllers.BookingController" ("HotelBooking.API").
2026-06-03 16:19:23 [Information] 📝 Запрос на бронирование: RoomId="r_101", Guest="ЛЕОНЕЛЬ", Dates=06/10/2026 00:00:00→06/15/2026 00:00:00
2026-06-03 16:19:23 [Information] 🔄 Попытка выполнения бронирования...
2026-06-03 16:19:23 [Information] ========== НАЧАЛО СКВОЗНОГО СЦЕНАРИЯ ==========
2026-06-03 16:19:23 [Information] Executed DbCommand ("2"ms) [Parameters=["@__roomId_0='?' (Size = 5)"], CommandType='Text', CommandTimeout='30']"
""SELECT \"r\".\"Id\", \"r\".\"Capacity\", \"r\".\"HotelId\", \"r\".\"IsAvailable\", \"r\".\"PricePerNight\", \"r\".\"RoomId\", \"r\".\"Type\"
FROM \"Rooms\" AS \"r\"
WHERE \"r\".\"RoomId\" = @__roomId_0
LIMIT 1"
2026-06-03 16:19:23 [Information] Executed DbCommand ("1"ms) [Parameters=["@p0='?' (Size = 36), @p1='?' (DbType = DateTime), @p2='?' (DbType = DateTime), @p3='?' (DbType = DateTime), @p4='?' (Size = 16), @p5='?' (Size = 7), @p6='?' (Size = 5), @p7='?' (Size = 7), @p8='?' (DbType = Decimal)"], CommandType='Text', CommandTimeout='30']"
""INSERT INTO \"Bookings\" (\"BookingId\", \"CheckIn\", \"CheckOut\", \"CreatedAt\", \"GuestEmail\", \"GuestName\", \"RoomId\", \"Status\", \"TotalAmount\")
VALUES (@p0, @p1, @p2, @p3, @p4, @p5, @p6, @p7, @p8)
RETURNING \"Id\";"
2026-06-03 16:19:23 [Information] ✅ Бронирование создано: BookingId="2f7949d5-36c2-468c-b929-7a16c7fc12af", Сумма=40000.0
2026-06-03 16:19:23 [Information] Executed DbCommand ("0"ms) [Parameters=["@p1='?' (DbType = Int32), @p0='?' (Size = 9)"], CommandType='Text', CommandTimeout='30']"
""UPDATE \"Bookings\" SET \"Status\" = @p0
WHERE \"Id\" = @p1
RETURNING 1;"
2026-06-03 16:19:23 [Information] Executed DbCommand ("0"ms) [Parameters=["@p0='?' (DbType = Decimal), @p1='?' (Size = 36), @p2='?' (DbType = DateTime), @p3='?' (Size = 36), @p4='?' (Size = 7)"], CommandType='Text', CommandTimeout='30']"
""INSERT INTO \"Payments\" (\"Amount\", \"BookingId\", \"PaymentDate\", \"PaymentId\", \"Status\")
VALUES (@p0, @p1, @p2, @p3, @p4)
RETURNING \"Id\";"
2026-06-03 16:19:23 [Information] ✅ Оплата проведена: PaymentId="5a542477-73a6-40cf-9176-4977ad37fc21", Статус="SUCCESS"
2026-06-03 16:19:23 [Information] ========== СКВОЗНОЙ СЦЕНАРИЙ ЗАВЕРШЕН ==========
2026-06-03 16:19:23 [Information] Executed DbCommand ("0"ms) [Parameters=["@__bookingId_0='?' (Size = 36)"], CommandType='Text', CommandTimeout='30']"
""SELECT \"b\".\"Id\", \"b\".\"BookingId\", \"b\".\"CheckIn\", \"b\".\"CheckOut\", \"b\".\"CreatedAt\", \"b\".\"GuestEmail\", \"b\".\"GuestName\", \"b\".\"RoomId\", \"b\".\"Status\", \"b\".\"TotalAmount\"
FROM \"Bookings\" AS \"b\"
WHERE \"b\".\"BookingId\" = @__bookingId_0
LIMIT 1"
2026-06-03 16:19:23 [Information] ✅ Бронирование успешно! BookingId="2f7949d5-36c2-468c-b929-7a16c7fc12af", TotalAmount=40000.0
2026-06-03 16:19:23 [Information] Executing "OkObjectResult", writing value of type '"<>f__AnonymousType1`3[[System.Boolean, System.Private.CoreLib, Version=8.0.0.0, Culture=neutral, PublicKeyToken=7cec85d7bea7798e],[System.String, System.Private.CoreLib, Version=8.0.0.0, Culture=neutral, PublicKeyToken=7cec85d7bea7798e],[System.Nullable`1[[System.Decimal, System.Private.CoreLib, Version=8.0.0.0, Culture=neutral, PublicKeyToken=7cec85d7bea7798e]], System.Private.CoreLib, Version=8.0.0.0, Culture=neutral, PublicKeyToken=7cec85d7bea7798e]]"'.
2026-06-03 16:19:23 [Information] Executed action "HotelBooking.API.Controllers.BookingController.CreateBooking (HotelBooking.API)" in 177.6563ms
2026-06-03 16:19:23 [Information] Executed endpoint '"HotelBooking.API.Controllers.BookingController.CreateBooking (HotelBooking.API)"'
2026-06-03 16:19:23 [Information] Request finished "HTTP/1.1" "POST" "http"://"localhost:5071""""/api/Booking/book""" - 200 null "application/json; charset=utf-8" 187.8218ms
2026-06-03 16:19:24 [Information] Request starting "HTTP/1.1" "GET" "http"://"localhost:5071""""/api/Booking/bookings""" - null null
2026-06-03 16:19:24 [Information] Executing endpoint '"HotelBooking.API.Controllers.BookingController.GetBookings (HotelBooking.API)"'
2026-06-03 16:19:24 [Information] Route matched with "{action = \"GetBookings\", controller = \"Booking\"}". Executing controller action with signature "System.Threading.Tasks.Task`1[Microsoft.AspNetCore.Mvc.IActionResult] GetBookings()" on controller "HotelBooking.API.Controllers.BookingController" ("HotelBooking.API").
2026-06-03 16:19:24 [Information] Запрос списка бронирований
2026-06-03 16:19:24 [Information] Executed DbCommand ("0"ms) [Parameters=[""], CommandType='Text', CommandTimeout='30']"
""SELECT \"b\".\"Id\", \"b\".\"BookingId\", \"b\".\"CheckIn\", \"b\".\"CheckOut\", \"b\".\"CreatedAt\", \"b\".\"GuestEmail\", \"b\".\"GuestName\", \"b\".\"RoomId\", \"b\".\"Status\", \"b\".\"TotalAmount\"
FROM \"Bookings\" AS \"b\""
2026-06-03 16:19:24 [Information] Успешно загружено 9 бронирований
2026-06-03 16:19:24 [Information] Executing "OkObjectResult", writing value of type '"System.Collections.Generic.List`1[[IntegrationService.Models.Booking, IntegrationService, Version=1.0.0.0, Culture=neutral, PublicKeyToken=null]]"'.
2026-06-03 16:19:24 [Information] Executed action "HotelBooking.API.Controllers.BookingController.GetBookings (HotelBooking.API)" in 3.537ms
2026-06-03 16:19:24 [Information] Executed endpoint '"HotelBooking.API.Controllers.BookingController.GetBookings (HotelBooking.API)"'
2026-06-03 16:19:24 [Information] Request finished "HTTP/1.1" "GET" "http"://"localhost:5071""""/api/Booking/bookings""" - 200 null "application/json; charset=utf-8" 7.6567ms
2026-06-03 16:19:24 [Information] Request starting "HTTP/1.1" "GET" "http"://"localhost:5071""""/api/Booking/bookings""" - null null
2026-06-03 16:19:24 [Information] Executing endpoint '"HotelBooking.API.Controllers.BookingController.GetBookings (HotelBooking.API)"'
2026-06-03 16:19:24 [Information] Route matched with "{action = \"GetBookings\", controller = \"Booking\"}". Executing controller action with signature "System.Threading.Tasks.Task`1[Microsoft.AspNetCore.Mvc.IActionResult] GetBookings()" on controller "HotelBooking.API.Controllers.BookingController" ("HotelBooking.API").
2026-06-03 16:19:24 [Information] Запрос списка бронирований
2026-06-03 16:19:24 [Information] Executed DbCommand ("0"ms) [Parameters=[""], CommandType='Text', CommandTimeout='30']"
""SELECT \"b\".\"Id\", \"b\".\"BookingId\", \"b\".\"CheckIn\", \"b\".\"CheckOut\", \"b\".\"CreatedAt\", \"b\".\"GuestEmail\", \"b\".\"GuestName\", \"b\".\"RoomId\", \"b\".\"Status\", \"b\".\"TotalAmount\"
FROM \"Bookings\" AS \"b\""
2026-06-03 16:19:24 [Information] Успешно загружено 9 бронирований
2026-06-03 16:19:24 [Information] Executing "OkObjectResult", writing value of type '"System.Collections.Generic.List`1[[IntegrationService.Models.Booking, IntegrationService, Version=1.0.0.0, Culture=neutral, PublicKeyToken=null]]"'.
2026-06-03 16:19:24 [Information] Executed action "HotelBooking.API.Controllers.BookingController.GetBookings (HotelBooking.API)" in 3.3284ms
2026-06-03 16:19:24 [Information] Executed endpoint '"HotelBooking.API.Controllers.BookingController.GetBookings (HotelBooking.API)"'
2026-06-03 16:19:24 [Information] Request finished "HTTP/1.1" "GET" "http"://"localhost:5071""""/api/Booking/bookings""" - 200 null "application/json; charset=utf-8" 7.4809ms
2026-06-03 16:20:33 [Information] Request starting "HTTP/1.1" "GET" "http"://"localhost:5071""""/""" - null null
2026-06-03 16:20:33 [Information] The file "/index.html" was not modified
2026-06-03 16:20:33 [Information] Request finished "HTTP/1.1" "GET" "http"://"localhost:5071""""/index.html""" - 304 null "text/html" 3.1234ms
2026-06-03 16:20:33 [Information] Request starting "HTTP/1.1" "GET" "http"://"localhost:5071""""/api/Booking/rooms""" - null null
2026-06-03 16:20:33 [Information] Request starting "HTTP/1.1" "GET" "http"://"localhost:5071""""/api/Booking/bookings""" - null null
2026-06-03 16:20:33 [Information] Executing endpoint '"HotelBooking.API.Controllers.BookingController.GetRooms (HotelBooking.API)"'
2026-06-03 16:20:33 [Information] Executing endpoint '"HotelBooking.API.Controllers.BookingController.GetBookings (HotelBooking.API)"'
2026-06-03 16:20:33 [Information] Route matched with "{action = \"GetRooms\", controller = \"Booking\"}". Executing controller action with signature "System.Threading.Tasks.Task`1[Microsoft.AspNetCore.Mvc.IActionResult] GetRooms()" on controller "HotelBooking.API.Controllers.BookingController" ("HotelBooking.API").
2026-06-03 16:20:33 [Information] Route matched with "{action = \"GetBookings\", controller = \"Booking\"}". Executing controller action with signature "System.Threading.Tasks.Task`1[Microsoft.AspNetCore.Mvc.IActionResult] GetBookings()" on controller "HotelBooking.API.Controllers.BookingController" ("HotelBooking.API").
2026-06-03 16:20:33 [Information] Запрос списка номеров
2026-06-03 16:20:33 [Information] Запрос списка бронирований
2026-06-03 16:20:33 [Information] Executed DbCommand ("0"ms) [Parameters=[""], CommandType='Text', CommandTimeout='30']"
""SELECT \"b\".\"Id\", \"b\".\"BookingId\", \"b\".\"CheckIn\", \"b\".\"CheckOut\", \"b\".\"CreatedAt\", \"b\".\"GuestEmail\", \"b\".\"GuestName\", \"b\".\"RoomId\", \"b\".\"Status\", \"b\".\"TotalAmount\"
FROM \"Bookings\" AS \"b\""
2026-06-03 16:20:33 [Information] Executed DbCommand ("0"ms) [Parameters=[""], CommandType='Text', CommandTimeout='30']"
""SELECT \"r\".\"Id\", \"r\".\"Capacity\", \"r\".\"HotelId\", \"r\".\"IsAvailable\", \"r\".\"PricePerNight\", \"r\".\"RoomId\", \"r\".\"Type\"
FROM \"Rooms\" AS \"r\""
2026-06-03 16:20:33 [Information] Успешно загружено 9 бронирований
2026-06-03 16:20:33 [Information] Успешно загружено 1 номеров
2026-06-03 16:20:33 [Information] Executing "OkObjectResult", writing value of type '"System.Collections.Generic.List`1[[IntegrationService.Models.Booking, IntegrationService, Version=1.0.0.0, Culture=neutral, PublicKeyToken=null]]"'.
2026-06-03 16:20:33 [Information] Executing "OkObjectResult", writing value of type '"System.Collections.Generic.List`1[[IntegrationService.Models.Room, IntegrationService, Version=1.0.0.0, Culture=neutral, PublicKeyToken=null]]"'.
2026-06-03 16:20:33 [Information] Executed action "HotelBooking.API.Controllers.BookingController.GetBookings (HotelBooking.API)" in 5.4663ms
2026-06-03 16:20:33 [Information] Executed action "HotelBooking.API.Controllers.BookingController.GetRooms (HotelBooking.API)" in 6.9233ms
2026-06-03 16:20:33 [Information] Executed endpoint '"HotelBooking.API.Controllers.BookingController.GetBookings (HotelBooking.API)"'
2026-06-03 16:20:33 [Information] Executed endpoint '"HotelBooking.API.Controllers.BookingController.GetRooms (HotelBooking.API)"'
2026-06-03 16:20:33 [Information] Request finished "HTTP/1.1" "GET" "http"://"localhost:5071""""/api/Booking/bookings""" - 200 null "application/json; charset=utf-8" 13.3275ms
2026-06-03 16:20:33 [Information] Request finished "HTTP/1.1" "GET" "http"://"localhost:5071""""/api/Booking/rooms""" - 200 null "application/json; charset=utf-8" 13.906ms
2026-06-03 16:20:34 [Information] Request starting "HTTP/1.1" "GET" "http"://"localhost:5071""""/api/Booking/bookings""" - null null
2026-06-03 16:20:34 [Information] Executing endpoint '"HotelBooking.API.Controllers.BookingController.GetBookings (HotelBooking.API)"'
2026-06-03 16:20:34 [Information] Route matched with "{action = \"GetBookings\", controller = \"Booking\"}". Executing controller action with signature "System.Threading.Tasks.Task`1[Microsoft.AspNetCore.Mvc.IActionResult] GetBookings()" on controller "HotelBooking.API.Controllers.BookingController" ("HotelBooking.API").
2026-06-03 16:20:34 [Information] Запрос списка бронирований
2026-06-03 16:20:34 [Information] Executed DbCommand ("0"ms) [Parameters=[""], CommandType='Text', CommandTimeout='30']"
""SELECT \"b\".\"Id\", \"b\".\"BookingId\", \"b\".\"CheckIn\", \"b\".\"CheckOut\", \"b\".\"CreatedAt\", \"b\".\"GuestEmail\", \"b\".\"GuestName\", \"b\".\"RoomId\", \"b\".\"Status\", \"b\".\"TotalAmount\"
FROM \"Bookings\" AS \"b\""
2026-06-03 16:20:34 [Information] Успешно загружено 9 бронирований
2026-06-03 16:20:34 [Information] Executing "OkObjectResult", writing value of type '"System.Collections.Generic.List`1[[IntegrationService.Models.Booking, IntegrationService, Version=1.0.0.0, Culture=neutral, PublicKeyToken=null]]"'.
2026-06-03 16:20:34 [Information] Executed action "HotelBooking.API.Controllers.BookingController.GetBookings (HotelBooking.API)" in 3.3333ms
2026-06-03 16:20:34 [Information] Executed endpoint '"HotelBooking.API.Controllers.BookingController.GetBookings (HotelBooking.API)"'
2026-06-03 16:20:34 [Information] Request finished "HTTP/1.1" "GET" "http"://"localhost:5071""""/api/Booking/bookings""" - 200 null "application/json; charset=utf-8" 7.4947ms
2026-06-03 16:21:10 [Information] Request starting "HTTP/1.1" "POST" "http"://"localhost:5071""""/api/Booking/book""" - "application/json" 120
2026-06-03 16:21:10 [Information] Executing endpoint '"HotelBooking.API.Controllers.BookingController.CreateBooking (HotelBooking.API)"'
2026-06-03 16:21:10 [Information] Route matched with "{action = \"CreateBooking\", controller = \"Booking\"}". Executing controller action with signature "System.Threading.Tasks.Task`1[Microsoft.AspNetCore.Mvc.IActionResult] CreateBooking(HotelBooking.API.Controllers.CreateBookingRequest)" on controller "HotelBooking.API.Controllers.BookingController" ("HotelBooking.API").
2026-06-03 16:21:10 [Information] 📝 Запрос на бронирование: RoomId="r_101", Guest="ЛЕОН", Dates=06/10/2026 00:00:00→06/15/2026 00:00:00
2026-06-03 16:21:10 [Information] 🔄 Попытка выполнения бронирования...
2026-06-03 16:21:10 [Information] ========== НАЧАЛО СКВОЗНОГО СЦЕНАРИЯ ==========
2026-06-03 16:21:10 [Information] Executed DbCommand ("0"ms) [Parameters=["@__roomId_0='?' (Size = 5)"], CommandType='Text', CommandTimeout='30']"
""SELECT \"r\".\"Id\", \"r\".\"Capacity\", \"r\".\"HotelId\", \"r\".\"IsAvailable\", \"r\".\"PricePerNight\", \"r\".\"RoomId\", \"r\".\"Type\"
FROM \"Rooms\" AS \"r\"
WHERE \"r\".\"RoomId\" = @__roomId_0
LIMIT 1"
2026-06-03 16:21:10 [Information] Executed DbCommand ("0"ms) [Parameters=["@p0='?' (Size = 36), @p1='?' (DbType = DateTime), @p2='?' (DbType = DateTime), @p3='?' (DbType = DateTime), @p4='?' (Size = 16), @p5='?' (Size = 4), @p6='?' (Size = 5), @p7='?' (Size = 7), @p8='?' (DbType = Decimal)"], CommandType='Text', CommandTimeout='30']"
""INSERT INTO \"Bookings\" (\"BookingId\", \"CheckIn\", \"CheckOut\", \"CreatedAt\", \"GuestEmail\", \"GuestName\", \"RoomId\", \"Status\", \"TotalAmount\")
VALUES (@p0, @p1, @p2, @p3, @p4, @p5, @p6, @p7, @p8)
RETURNING \"Id\";"
2026-06-03 16:21:10 [Information] ✅ Бронирование создано: BookingId="f9d8e6c3-981a-4e0f-be8d-1092b052ceae", Сумма=40000.0
2026-06-03 16:21:10 [Information] Executed DbCommand ("0"ms) [Parameters=["@p1='?' (DbType = Int32), @p0='?' (Size = 9)"], CommandType='Text', CommandTimeout='30']"
""UPDATE \"Bookings\" SET \"Status\" = @p0
WHERE \"Id\" = @p1
RETURNING 1;"
2026-06-03 16:21:10 [Information] Executed DbCommand ("0"ms) [Parameters=["@p0='?' (DbType = Decimal), @p1='?' (Size = 36), @p2='?' (DbType = DateTime), @p3='?' (Size = 36), @p4='?' (Size = 7)"], CommandType='Text', CommandTimeout='30']"
""INSERT INTO \"Payments\" (\"Amount\", \"BookingId\", \"PaymentDate\", \"PaymentId\", \"Status\")
VALUES (@p0, @p1, @p2, @p3, @p4)
RETURNING \"Id\";"
2026-06-03 16:21:10 [Information] ✅ Оплата проведена: PaymentId="d5906707-224e-4ffb-bc86-e5bb65c53881", Статус="SUCCESS"
2026-06-03 16:21:10 [Information] ========== СКВОЗНОЙ СЦЕНАРИЙ ЗАВЕРШЕН ==========
2026-06-03 16:21:10 [Information] Executed DbCommand ("0"ms) [Parameters=["@__bookingId_0='?' (Size = 36)"], CommandType='Text', CommandTimeout='30']"
""SELECT \"b\".\"Id\", \"b\".\"BookingId\", \"b\".\"CheckIn\", \"b\".\"CheckOut\", \"b\".\"CreatedAt\", \"b\".\"GuestEmail\", \"b\".\"GuestName\", \"b\".\"RoomId\", \"b\".\"Status\", \"b\".\"TotalAmount\"
FROM \"Bookings\" AS \"b\"
WHERE \"b\".\"BookingId\" = @__bookingId_0
LIMIT 1"
2026-06-03 16:21:10 [Information] ✅ Бронирование успешно! BookingId="f9d8e6c3-981a-4e0f-be8d-1092b052ceae", TotalAmount=40000.0
2026-06-03 16:21:10 [Information] Executing "OkObjectResult", writing value of type '"<>f__AnonymousType1`3[[System.Boolean, System.Private.CoreLib, Version=8.0.0.0, Culture=neutral, PublicKeyToken=7cec85d7bea7798e],[System.String, System.Private.CoreLib, Version=8.0.0.0, Culture=neutral, PublicKeyToken=7cec85d7bea7798e],[System.Nullable`1[[System.Decimal, System.Private.CoreLib, Version=8.0.0.0, Culture=neutral, PublicKeyToken=7cec85d7bea7798e]], System.Private.CoreLib, Version=8.0.0.0, Culture=neutral, PublicKeyToken=7cec85d7bea7798e]]"'.
2026-06-03 16:21:10 [Information] Executed action "HotelBooking.API.Controllers.BookingController.CreateBooking (HotelBooking.API)" in 17.0245ms
2026-06-03 16:21:10 [Information] Executed endpoint '"HotelBooking.API.Controllers.BookingController.CreateBooking (HotelBooking.API)"'
2026-06-03 16:21:10 [Information] Request finished "HTTP/1.1" "POST" "http"://"localhost:5071""""/api/Booking/book""" - 200 null "application/json; charset=utf-8" 21.504ms
2026-06-03 16:21:12 [Information] Request starting "HTTP/1.1" "GET" "http"://"localhost:5071""""/api/Booking/bookings""" - null null
2026-06-03 16:21:12 [Information] Executing endpoint '"HotelBooking.API.Controllers.BookingController.GetBookings (HotelBooking.API)"'
2026-06-03 16:21:12 [Information] Route matched with "{action = \"GetBookings\", controller = \"Booking\"}". Executing controller action with signature "System.Threading.Tasks.Task`1[Microsoft.AspNetCore.Mvc.IActionResult] GetBookings()" on controller "HotelBooking.API.Controllers.BookingController" ("HotelBooking.API").
2026-06-03 16:21:12 [Information] Запрос списка бронирований
2026-06-03 16:21:12 [Information] Executed DbCommand ("0"ms) [Parameters=[""], CommandType='Text', CommandTimeout='30']"
""SELECT \"b\".\"Id\", \"b\".\"BookingId\", \"b\".\"CheckIn\", \"b\".\"CheckOut\", \"b\".\"CreatedAt\", \"b\".\"GuestEmail\", \"b\".\"GuestName\", \"b\".\"RoomId\", \"b\".\"Status\", \"b\".\"TotalAmount\"
FROM \"Bookings\" AS \"b\""
2026-06-03 16:21:12 [Information] Успешно загружено 10 бронирований
2026-06-03 16:21:12 [Information] Executing "OkObjectResult", writing value of type '"System.Collections.Generic.List`1[[IntegrationService.Models.Booking, IntegrationService, Version=1.0.0.0, Culture=neutral, PublicKeyToken=null]]"'.
2026-06-03 16:21:12 [Information] Executed action "HotelBooking.API.Controllers.BookingController.GetBookings (HotelBooking.API)" in 3.291ms
2026-06-03 16:21:12 [Information] Executed endpoint '"HotelBooking.API.Controllers.BookingController.GetBookings (HotelBooking.API)"'
2026-06-03 16:21:12 [Information] Request finished "HTTP/1.1" "GET" "http"://"localhost:5071""""/api/Booking/bookings""" - 200 null "application/json; charset=utf-8" 7.1782ms
2026-06-03 16:21:12 [Information] Request starting "HTTP/1.1" "GET" "http"://"localhost:5071""""/api/Booking/bookings""" - null null
2026-06-03 16:21:12 [Information] Executing endpoint '"HotelBooking.API.Controllers.BookingController.GetBookings (HotelBooking.API)"'
2026-06-03 16:21:12 [Information] Route matched with "{action = \"GetBookings\", controller = \"Booking\"}". Executing controller action with signature "System.Threading.Tasks.Task`1[Microsoft.AspNetCore.Mvc.IActionResult] GetBookings()" on controller "HotelBooking.API.Controllers.BookingController" ("HotelBooking.API").
2026-06-03 16:21:12 [Information] Запрос списка бронирований
2026-06-03 16:21:12 [Information] Executed DbCommand ("0"ms) [Parameters=[""], CommandType='Text', CommandTimeout='30']"
""SELECT \"b\".\"Id\", \"b\".\"BookingId\", \"b\".\"CheckIn\", \"b\".\"CheckOut\", \"b\".\"CreatedAt\", \"b\".\"GuestEmail\", \"b\".\"GuestName\", \"b\".\"RoomId\", \"b\".\"Status\", \"b\".\"TotalAmount\"
FROM \"Bookings\" AS \"b\""
2026-06-03 16:21:12 [Information] Успешно загружено 10 бронирований
2026-06-03 16:21:12 [Information] Executing "OkObjectResult", writing value of type '"System.Collections.Generic.List`1[[IntegrationService.Models.Booking, IntegrationService, Version=1.0.0.0, Culture=neutral, PublicKeyToken=null]]"'.
2026-06-03 16:21:12 [Information] Executed action "HotelBooking.API.Controllers.BookingController.GetBookings (HotelBooking.API)" in 3.3586ms
2026-06-03 16:21:12 [Information] Executed endpoint '"HotelBooking.API.Controllers.BookingController.GetBookings (HotelBooking.API)"'
2026-06-03 16:21:12 [Information] Request finished "HTTP/1.1" "GET" "http"://"localhost:5071""""/api/Booking/bookings""" - 200 null "application/json; charset=utf-8" 7.3022ms
2026-06-03 16:22:19 [Information] Application is shutting down...
2026-06-03 16:22:49 [Information] Executed DbCommand ("6"ms) [Parameters=[""], CommandType='Text', CommandTimeout='30']"
""SELECT COUNT(*) FROM \"sqlite_master\" WHERE \"type\" = 'table' AND \"rootpage\" IS NOT NULL;"
2026-06-03 16:22:49 [Information] Now listening on: "http://localhost:5071"
2026-06-03 16:22:49 [Information] Application started. Press Ctrl+C to shut down.
2026-06-03 16:22:49 [Information] Hosting environment: "Development"
2026-06-03 16:22:49 [Information] Content root path: "C:\Users\fahre\hotel-booking-integration\HotelBooking.API"
2026-06-03 16:22:52 [Information] Request starting "HTTP/1.1" "GET" "http"://"localhost:5071""""/""" - null null
2026-06-03 16:22:52 [Information] The file "/index.html" was not modified
2026-06-03 16:22:52 [Information] Request finished "HTTP/1.1" "GET" "http"://"localhost:5071""""/index.html""" - 304 null "text/html" 26.1275ms
2026-06-03 16:22:52 [Information] Request starting "HTTP/1.1" "GET" "http"://"localhost:5071""""/api/Booking/bookings""" - null null
2026-06-03 16:22:52 [Information] Request starting "HTTP/1.1" "GET" "http"://"localhost:5071""""/api/Booking/rooms""" - null null
2026-06-03 16:22:52 [Warning] Failed to determine the https port for redirect.
2026-06-03 16:22:52 [Information] Executing endpoint '"HotelBooking.API.Controllers.BookingController.GetRooms (HotelBooking.API)"'
2026-06-03 16:22:52 [Information] Executing endpoint '"HotelBooking.API.Controllers.BookingController.GetBookings (HotelBooking.API)"'
2026-06-03 16:22:52 [Information] Route matched with "{action = \"GetBookings\", controller = \"Booking\"}". Executing controller action with signature "System.Threading.Tasks.Task`1[Microsoft.AspNetCore.Mvc.IActionResult] GetBookings()" on controller "HotelBooking.API.Controllers.BookingController" ("HotelBooking.API").
2026-06-03 16:22:52 [Information] Route matched with "{action = \"GetRooms\", controller = \"Booking\"}". Executing controller action with signature "System.Threading.Tasks.Task`1[Microsoft.AspNetCore.Mvc.IActionResult] GetRooms()" on controller "HotelBooking.API.Controllers.BookingController" ("HotelBooking.API").
2026-06-03 16:22:52 [Information] 📋 Запрос списка номеров
2026-06-03 16:22:52 [Information] 📋 Запрос списка бронирований
2026-06-03 16:22:52 [Information] Executed DbCommand ("1"ms) [Parameters=[""], CommandType='Text', CommandTimeout='30']"
""SELECT \"b\".\"Id\", \"b\".\"BookingId\", \"b\".\"CheckIn\", \"b\".\"CheckOut\", \"b\".\"CreatedAt\", \"b\".\"GuestEmail\", \"b\".\"GuestName\", \"b\".\"RoomId\", \"b\".\"Status\", \"b\".\"TotalAmount\"
FROM \"Bookings\" AS \"b\""
2026-06-03 16:22:52 [Information] Executed DbCommand ("1"ms) [Parameters=[""], CommandType='Text', CommandTimeout='30']"
""SELECT \"r\".\"Id\", \"r\".\"Capacity\", \"r\".\"HotelId\", \"r\".\"IsAvailable\", \"r\".\"PricePerNight\", \"r\".\"RoomId\", \"r\".\"Type\"
FROM \"Rooms\" AS \"r\""
2026-06-03 16:22:52 [Information] ✅ Успешно загружено 1 номеров
2026-06-03 16:22:52 [Information] ✅ Успешно загружено 10 бронирований
2026-06-03 16:22:52 [Information] Executing "OkObjectResult", writing value of type '"System.Collections.Generic.List`1[[IntegrationService.Models.Booking, IntegrationService, Version=1.0.0.0, Culture=neutral, PublicKeyToken=null]]"'.
2026-06-03 16:22:52 [Information] Executing "OkObjectResult", writing value of type '"System.Collections.Generic.List`1[[IntegrationService.Models.Room, IntegrationService, Version=1.0.0.0, Culture=neutral, PublicKeyToken=null]]"'.
2026-06-03 16:22:52 [Information] Executed action "HotelBooking.API.Controllers.BookingController.GetBookings (HotelBooking.API)" in 178.5584ms
2026-06-03 16:22:52 [Information] Executed action "HotelBooking.API.Controllers.BookingController.GetRooms (HotelBooking.API)" in 177.7663ms
2026-06-03 16:22:52 [Information] Executed endpoint '"HotelBooking.API.Controllers.BookingController.GetBookings (HotelBooking.API)"'
2026-06-03 16:22:52 [Information] Executed endpoint '"HotelBooking.API.Controllers.BookingController.GetRooms (HotelBooking.API)"'
2026-06-03 16:22:52 [Information] Request finished "HTTP/1.1" "GET" "http"://"localhost:5071""""/api/Booking/bookings""" - 200 null "application/json; charset=utf-8" 211.0818ms
2026-06-03 16:22:52 [Information] Request finished "HTTP/1.1" "GET" "http"://"localhost:5071""""/api/Booking/rooms""" - 200 null "application/json; charset=utf-8" 211.0827ms
2026-06-03 16:23:44 [Information] Request starting "HTTP/1.1" "POST" "http"://"localhost:5071""""/api/Booking/book""" - "application/json" 148
2026-06-03 16:23:44 [Information] Executing endpoint '"HotelBooking.API.Controllers.BookingController.CreateBooking (HotelBooking.API)"'
2026-06-03 16:23:44 [Information] Route matched with "{action = \"CreateBooking\", controller = \"Booking\"}". Executing controller action with signature "System.Threading.Tasks.Task`1[Microsoft.AspNetCore.Mvc.IActionResult] CreateBooking(HotelBooking.API.Controllers.CreateBookingRequest)" on controller "HotelBooking.API.Controllers.BookingController" ("HotelBooking.API").
2026-06-03 16:23:44 [Information] 📝 ЗАПРОС НА БРОНИРОВАНИЕ: RoomId="r_101", Guest="Леон Яндимиров ", Email="leonyandimirov@gmail.com", Dates=06/10/2026 00:00:00→06/15/2026 00:00:00
2026-06-03 16:23:44 [Information] 🔄 Выполнение бронирования через Saga...
2026-06-03 16:23:44 [Information] ========== НАЧАЛО СКВОЗНОГО СЦЕНАРИЯ ==========
2026-06-03 16:23:44 [Information] 1️⃣ Гость выбирает номер: "r_101"
2026-06-03 16:23:44 [Information] 2️⃣ Проверка доступности номера...
2026-06-03 16:23:44 [Information] Executed DbCommand ("2"ms) [Parameters=["@__roomId_0='?' (Size = 5)"], CommandType='Text', CommandTimeout='30']"
""SELECT \"r\".\"Id\", \"r\".\"Capacity\", \"r\".\"HotelId\", \"r\".\"IsAvailable\", \"r\".\"PricePerNight\", \"r\".\"RoomId\", \"r\".\"Type\"
FROM \"Rooms\" AS \"r\"
WHERE \"r\".\"RoomId\" = @__roomId_0
LIMIT 1"
2026-06-03 16:23:44 [Information]    ✅ Номер доступен
2026-06-03 16:23:44 [Information] 3️⃣ Создание бронирования...
2026-06-03 16:23:44 [Information] Executed DbCommand ("1"ms) [Parameters=["@p0='?' (Size = 36), @p1='?' (DbType = DateTime), @p2='?' (DbType = DateTime), @p3='?' (DbType = DateTime), @p4='?' (Size = 24), @p5='?' (Size = 15), @p6='?' (Size = 5), @p7='?' (Size = 7), @p8='?' (DbType = Decimal)"], CommandType='Text', CommandTimeout='30']"
""INSERT INTO \"Bookings\" (\"BookingId\", \"CheckIn\", \"CheckOut\", \"CreatedAt\", \"GuestEmail\", \"GuestName\", \"RoomId\", \"Status\", \"TotalAmount\")
VALUES (@p0, @p1, @p2, @p3, @p4, @p5, @p6, @p7, @p8)
RETURNING \"Id\";"
2026-06-03 16:23:44 [Information]    ✅ Бронирование создано: BookingId="e8c5d718-7959-438e-860c-1edd18efaa8e", Сумма=40000.0 руб
2026-06-03 16:23:44 [Information] 4️⃣ Обработка оплаты...
2026-06-03 16:23:44 [Information] Executed DbCommand ("0"ms) [Parameters=["@p1='?' (DbType = Int32), @p0='?' (Size = 9)"], CommandType='Text', CommandTimeout='30']"
""UPDATE \"Bookings\" SET \"Status\" = @p0
WHERE \"Id\" = @p1
RETURNING 1;"
2026-06-03 16:23:44 [Information] Executed DbCommand ("0"ms) [Parameters=["@p0='?' (DbType = Decimal), @p1='?' (Size = 36), @p2='?' (DbType = DateTime), @p3='?' (Size = 36), @p4='?' (Size = 7)"], CommandType='Text', CommandTimeout='30']"
""INSERT INTO \"Payments\" (\"Amount\", \"BookingId\", \"PaymentDate\", \"PaymentId\", \"Status\")
VALUES (@p0, @p1, @p2, @p3, @p4)
RETURNING \"Id\";"
2026-06-03 16:23:44 [Information]    ✅ Оплата проведена: PaymentId="b5896954-c414-4f26-880c-b1e4ac777972", Статус="SUCCESS"
2026-06-03 16:23:44 [Information] 5️⃣ Подтверждение бронирования...
2026-06-03 16:23:44 [Information]    ✅ Бронирование ПОДТВЕРЖДЕНО!
2026-06-03 16:23:44 [Information] ========== СКВОЗНОЙ СЦЕНАРИЙ ЗАВЕРШЕН УСПЕШНО ==========
2026-06-03 16:23:44 [Information] Executed DbCommand ("0"ms) [Parameters=["@__bookingId_0='?' (Size = 36)"], CommandType='Text', CommandTimeout='30']"
""SELECT \"b\".\"Id\", \"b\".\"BookingId\", \"b\".\"CheckIn\", \"b\".\"CheckOut\", \"b\".\"CreatedAt\", \"b\".\"GuestEmail\", \"b\".\"GuestName\", \"b\".\"RoomId\", \"b\".\"Status\", \"b\".\"TotalAmount\"
FROM \"Bookings\" AS \"b\"
WHERE \"b\".\"BookingId\" = @__bookingId_0
LIMIT 1"
2026-06-03 16:23:44 [Information] ✅ БРОНИРОВАНИЕ УСПЕШНО ЗАВЕРШЕНО! BookingId="e8c5d718-7959-438e-860c-1edd18efaa8e", TotalAmount=40000.0 руб
2026-06-03 16:23:44 [Information] Executing "OkObjectResult", writing value of type '"<>f__AnonymousType0`3[[System.Boolean, System.Private.CoreLib, Version=8.0.0.0, Culture=neutral, PublicKeyToken=7cec85d7bea7798e],[System.String, System.Private.CoreLib, Version=8.0.0.0, Culture=neutral, PublicKeyToken=7cec85d7bea7798e],[System.Nullable`1[[System.Decimal, System.Private.CoreLib, Version=8.0.0.0, Culture=neutral, PublicKeyToken=7cec85d7bea7798e]], System.Private.CoreLib, Version=8.0.0.0, Culture=neutral, PublicKeyToken=7cec85d7bea7798e]]"'.
2026-06-03 16:23:44 [Information] Executed action "HotelBooking.API.Controllers.BookingController.CreateBooking (HotelBooking.API)" in 218.4935ms
2026-06-03 16:23:44 [Information] Executed endpoint '"HotelBooking.API.Controllers.BookingController.CreateBooking (HotelBooking.API)"'
2026-06-03 16:23:44 [Information] Request finished "HTTP/1.1" "POST" "http"://"localhost:5071""""/api/Booking/book""" - 200 null "application/json; charset=utf-8" 229.8981ms
2026-06-03 16:23:46 [Information] Request starting "HTTP/1.1" "GET" "http"://"localhost:5071""""/api/Booking/bookings""" - null null
2026-06-03 16:23:46 [Information] Executing endpoint '"HotelBooking.API.Controllers.BookingController.GetBookings (HotelBooking.API)"'
2026-06-03 16:23:46 [Information] Route matched with "{action = \"GetBookings\", controller = \"Booking\"}". Executing controller action with signature "System.Threading.Tasks.Task`1[Microsoft.AspNetCore.Mvc.IActionResult] GetBookings()" on controller "HotelBooking.API.Controllers.BookingController" ("HotelBooking.API").
2026-06-03 16:23:46 [Information] 📋 Запрос списка бронирований
2026-06-03 16:23:46 [Information] Executed DbCommand ("0"ms) [Parameters=[""], CommandType='Text', CommandTimeout='30']"
""SELECT \"b\".\"Id\", \"b\".\"BookingId\", \"b\".\"CheckIn\", \"b\".\"CheckOut\", \"b\".\"CreatedAt\", \"b\".\"GuestEmail\", \"b\".\"GuestName\", \"b\".\"RoomId\", \"b\".\"Status\", \"b\".\"TotalAmount\"
FROM \"Bookings\" AS \"b\""
2026-06-03 16:23:46 [Information] ✅ Успешно загружено 11 бронирований
2026-06-03 16:23:46 [Information] Executing "OkObjectResult", writing value of type '"System.Collections.Generic.List`1[[IntegrationService.Models.Booking, IntegrationService, Version=1.0.0.0, Culture=neutral, PublicKeyToken=null]]"'.
2026-06-03 16:23:46 [Information] Executed action "HotelBooking.API.Controllers.BookingController.GetBookings (HotelBooking.API)" in 3.7133ms
2026-06-03 16:23:46 [Information] Executed endpoint '"HotelBooking.API.Controllers.BookingController.GetBookings (HotelBooking.API)"'
2026-06-03 16:23:46 [Information] Request finished "HTTP/1.1" "GET" "http"://"localhost:5071""""/api/Booking/bookings""" - 200 null "application/json; charset=utf-8" 7.7877ms
2026-06-03 16:23:46 [Information] Request starting "HTTP/1.1" "GET" "http"://"localhost:5071""""/api/Booking/bookings""" - null null
2026-06-03 16:23:46 [Information] Executing endpoint '"HotelBooking.API.Controllers.BookingController.GetBookings (HotelBooking.API)"'
2026-06-03 16:23:46 [Information] Route matched with "{action = \"GetBookings\", controller = \"Booking\"}". Executing controller action with signature "System.Threading.Tasks.Task`1[Microsoft.AspNetCore.Mvc.IActionResult] GetBookings()" on controller "HotelBooking.API.Controllers.BookingController" ("HotelBooking.API").
2026-06-03 16:23:46 [Information] 📋 Запрос списка бронирований
2026-06-03 16:23:46 [Information] Executed DbCommand ("0"ms) [Parameters=[""], CommandType='Text', CommandTimeout='30']"
""SELECT \"b\".\"Id\", \"b\".\"BookingId\", \"b\".\"CheckIn\", \"b\".\"CheckOut\", \"b\".\"CreatedAt\", \"b\".\"GuestEmail\", \"b\".\"GuestName\", \"b\".\"RoomId\", \"b\".\"Status\", \"b\".\"TotalAmount\"
FROM \"Bookings\" AS \"b\""
2026-06-03 16:23:46 [Information] ✅ Успешно загружено 11 бронирований
2026-06-03 16:23:46 [Information] Executing "OkObjectResult", writing value of type '"System.Collections.Generic.List`1[[IntegrationService.Models.Booking, IntegrationService, Version=1.0.0.0, Culture=neutral, PublicKeyToken=null]]"'.
2026-06-03 16:23:46 [Information] Executed action "HotelBooking.API.Controllers.BookingController.GetBookings (HotelBooking.API)" in 3.4117ms
2026-06-03 16:23:46 [Information] Executed endpoint '"HotelBooking.API.Controllers.BookingController.GetBookings (HotelBooking.API)"'
2026-06-03 16:23:46 [Information] Request finished "HTTP/1.1" "GET" "http"://"localhost:5071""""/api/Booking/bookings""" - 200 null "application/json; charset=utf-8" 7.2429ms
2026-06-03 16:24:38 [Information] Application is shutting down...
2026-06-03 16:26:24 [Information] Executed DbCommand ("5"ms) [Parameters=[""], CommandType='Text', CommandTimeout='30']"
""SELECT COUNT(*) FROM \"sqlite_master\" WHERE \"type\" = 'table' AND \"rootpage\" IS NOT NULL;"
2026-06-03 16:26:24 [Information] Now listening on: "http://localhost:5071"
2026-06-03 16:26:24 [Information] Application started. Press Ctrl+C to shut down.
2026-06-03 16:26:24 [Information] Hosting environment: "Development"
2026-06-03 16:26:24 [Information] Content root path: "C:\Users\fahre\hotel-booking-integration\HotelBooking.API"
2026-06-03 16:26:27 [Information] Request starting "HTTP/1.1" "GET" "http"://"localhost:5071""""/swagger""" - null null
2026-06-03 16:26:27 [Information] Request finished "HTTP/1.1" "GET" "http"://"localhost:5071""""/swagger""" - 301 0 null 21.6969ms
2026-06-03 16:26:27 [Information] Request starting "HTTP/1.1" "GET" "http"://"localhost:5071""""/swagger/index.html""" - null null
2026-06-03 16:26:27 [Information] Request finished "HTTP/1.1" "GET" "http"://"localhost:5071""""/swagger/index.html""" - 200 null "text/html;charset=utf-8" 39.2848ms
2026-06-03 16:26:27 [Information] Request starting "HTTP/1.1" "GET" "http"://"localhost:5071""""/swagger/swagger-ui.css""" - null null
2026-06-03 16:26:27 [Information] Request starting "HTTP/1.1" "GET" "http"://"localhost:5071""""/swagger/swagger-ui-bundle.js""" - null null
2026-06-03 16:26:27 [Information] Request starting "HTTP/1.1" "GET" "http"://"localhost:5071""""/swagger/swagger-ui-standalone-preset.js""" - null null
2026-06-03 16:26:27 [Information] Sending file. Request path: '"/swagger-ui.css"'. Physical path: '"N/A"'
2026-06-03 16:26:27 [Information] Sending file. Request path: '"/swagger-ui-standalone-preset.js"'. Physical path: '"N/A"'
2026-06-03 16:26:27 [Information] Request finished "HTTP/1.1" "GET" "http"://"localhost:5071""""/swagger/swagger-ui.css""" - 200 152034 "text/css" 21.9573ms
2026-06-03 16:26:27 [Information] Request finished "HTTP/1.1" "GET" "http"://"localhost:5071""""/swagger/swagger-ui-standalone-preset.js""" - 200 230280 "text/javascript" 20.3208ms
2026-06-03 16:26:27 [Information] Sending file. Request path: '"/swagger-ui-bundle.js"'. Physical path: '"N/A"'
2026-06-03 16:26:27 [Information] Request finished "HTTP/1.1" "GET" "http"://"localhost:5071""""/swagger/swagger-ui-bundle.js""" - 200 1456926 "text/javascript" 46.4763ms
2026-06-03 16:26:27 [Information] Request starting "HTTP/1.1" "GET" "http"://"localhost:5071""""/swagger/v1/swagger.json""" - null null
2026-06-03 16:26:27 [Information] Request starting "HTTP/1.1" "GET" "http"://"localhost:5071""""/swagger/favicon-32x32.png""" - null null
2026-06-03 16:26:27 [Information] Sending file. Request path: '"/favicon-32x32.png"'. Physical path: '"N/A"'
2026-06-03 16:26:27 [Information] Request finished "HTTP/1.1" "GET" "http"://"localhost:5071""""/swagger/favicon-32x32.png""" - 200 628 "image/png" 2.3709ms
2026-06-03 16:26:27 [Information] Request finished "HTTP/1.1" "GET" "http"://"localhost:5071""""/swagger/v1/swagger.json""" - 200 null "application/json;charset=utf-8" 55.072ms
2026-06-03 16:26:38 [Information] Request starting "HTTP/1.1" "GET" "http"://"localhost:5071""""/api/Booking/rooms""" - null null
2026-06-03 16:26:38 [Warning] Failed to determine the https port for redirect.
2026-06-03 16:26:38 [Information] Executing endpoint '"HotelBooking.API.Controllers.BookingController.GetRooms (HotelBooking.API)"'
2026-06-03 16:26:38 [Information] Route matched with "{action = \"GetRooms\", controller = \"Booking\"}". Executing controller action with signature "System.Threading.Tasks.Task`1[Microsoft.AspNetCore.Mvc.IActionResult] GetRooms()" on controller "HotelBooking.API.Controllers.BookingController" ("HotelBooking.API").
2026-06-03 16:26:38 [Information] 📋 Запрос списка номеров
2026-06-03 16:26:38 [Information] Executed DbCommand ("1"ms) [Parameters=[""], CommandType='Text', CommandTimeout='30']"
""SELECT \"r\".\"Id\", \"r\".\"Capacity\", \"r\".\"HotelId\", \"r\".\"IsAvailable\", \"r\".\"PricePerNight\", \"r\".\"RoomId\", \"r\".\"Type\"
FROM \"Rooms\" AS \"r\""
2026-06-03 16:26:38 [Information] ✅ Успешно загружено 1 номеров
2026-06-03 16:26:38 [Information] Executing "OkObjectResult", writing value of type '"System.Collections.Generic.List`1[[IntegrationService.Models.Room, IntegrationService, Version=1.0.0.0, Culture=neutral, PublicKeyToken=null]]"'.
2026-06-03 16:26:38 [Information] Executed action "HotelBooking.API.Controllers.BookingController.GetRooms (HotelBooking.API)" in 156.8788ms
2026-06-03 16:26:38 [Information] Executed endpoint '"HotelBooking.API.Controllers.BookingController.GetRooms (HotelBooking.API)"'
2026-06-03 16:26:38 [Information] Request finished "HTTP/1.1" "GET" "http"://"localhost:5071""""/api/Booking/rooms""" - 200 null "application/json; charset=utf-8" 182.6772ms
2026-06-03 16:27:10 [Information] Request starting "HTTP/1.1" "GET" "http"://"localhost:5071""""/""" - null null
2026-06-03 16:27:10 [Information] The file "/index.html" was not modified
2026-06-03 16:27:10 [Information] Request finished "HTTP/1.1" "GET" "http"://"localhost:5071""""/index.html""" - 304 null "text/html" 9.5716ms
2026-06-03 16:27:10 [Information] Request starting "HTTP/1.1" "GET" "http"://"localhost:5071""""/api/Booking/rooms""" - null null
2026-06-03 16:27:10 [Information] Request starting "HTTP/1.1" "GET" "http"://"localhost:5071""""/api/Booking/bookings""" - null null
2026-06-03 16:27:10 [Information] Executing endpoint '"HotelBooking.API.Controllers.BookingController.GetRooms (HotelBooking.API)"'
2026-06-03 16:27:10 [Information] Executing endpoint '"HotelBooking.API.Controllers.BookingController.GetBookings (HotelBooking.API)"'
2026-06-03 16:27:10 [Information] Route matched with "{action = \"GetRooms\", controller = \"Booking\"}". Executing controller action with signature "System.Threading.Tasks.Task`1[Microsoft.AspNetCore.Mvc.IActionResult] GetRooms()" on controller "HotelBooking.API.Controllers.BookingController" ("HotelBooking.API").
2026-06-03 16:27:10 [Information] 📋 Запрос списка номеров
2026-06-03 16:27:10 [Information] Route matched with "{action = \"GetBookings\", controller = \"Booking\"}". Executing controller action with signature "System.Threading.Tasks.Task`1[Microsoft.AspNetCore.Mvc.IActionResult] GetBookings()" on controller "HotelBooking.API.Controllers.BookingController" ("HotelBooking.API").
2026-06-03 16:27:10 [Information] 📋 Запрос списка бронирований
2026-06-03 16:27:10 [Information] Executed DbCommand ("0"ms) [Parameters=[""], CommandType='Text', CommandTimeout='30']"
""SELECT \"r\".\"Id\", \"r\".\"Capacity\", \"r\".\"HotelId\", \"r\".\"IsAvailable\", \"r\".\"PricePerNight\", \"r\".\"RoomId\", \"r\".\"Type\"
FROM \"Rooms\" AS \"r\""
2026-06-03 16:27:10 [Information] ✅ Успешно загружено 1 номеров
2026-06-03 16:27:10 [Information] Executing "OkObjectResult", writing value of type '"System.Collections.Generic.List`1[[IntegrationService.Models.Room, IntegrationService, Version=1.0.0.0, Culture=neutral, PublicKeyToken=null]]"'.
2026-06-03 16:27:10 [Information] Executed DbCommand ("0"ms) [Parameters=[""], CommandType='Text', CommandTimeout='30']"
""SELECT \"b\".\"Id\", \"b\".\"BookingId\", \"b\".\"CheckIn\", \"b\".\"CheckOut\", \"b\".\"CreatedAt\", \"b\".\"GuestEmail\", \"b\".\"GuestName\", \"b\".\"RoomId\", \"b\".\"Status\", \"b\".\"TotalAmount\"
FROM \"Bookings\" AS \"b\""
2026-06-03 16:27:10 [Information] Executed action "HotelBooking.API.Controllers.BookingController.GetRooms (HotelBooking.API)" in 42.6244ms
2026-06-03 16:27:10 [Information] Executed endpoint '"HotelBooking.API.Controllers.BookingController.GetRooms (HotelBooking.API)"'
2026-06-03 16:27:10 [Information] Request finished "HTTP/1.1" "GET" "http"://"localhost:5071""""/api/Booking/rooms""" - 200 null "application/json; charset=utf-8" 49.7798ms
2026-06-03 16:27:10 [Information] ✅ Успешно загружено 11 бронирований
2026-06-03 16:27:10 [Information] Executing "OkObjectResult", writing value of type '"System.Collections.Generic.List`1[[IntegrationService.Models.Booking, IntegrationService, Version=1.0.0.0, Culture=neutral, PublicKeyToken=null]]"'.
2026-06-03 16:27:10 [Information] Executed action "HotelBooking.API.Controllers.BookingController.GetBookings (HotelBooking.API)" in 58.3064ms
2026-06-03 16:27:10 [Information] Executed endpoint '"HotelBooking.API.Controllers.BookingController.GetBookings (HotelBooking.API)"'
2026-06-03 16:27:10 [Information] Request finished "HTTP/1.1" "GET" "http"://"localhost:5071""""/api/Booking/bookings""" - 200 null "application/json; charset=utf-8" 69.2822ms
2026-06-03 16:27:29 [Information] Request starting "HTTP/1.1" "POST" "http"://"localhost:5071""""/api/Booking/book""" - "application/json" 119
2026-06-03 16:27:29 [Information] Executing endpoint '"HotelBooking.API.Controllers.BookingController.CreateBooking (HotelBooking.API)"'
2026-06-03 16:27:29 [Information] Route matched with "{action = \"CreateBooking\", controller = \"Booking\"}". Executing controller action with signature "System.Threading.Tasks.Task`1[Microsoft.AspNetCore.Mvc.IActionResult] CreateBooking(HotelBooking.API.Controllers.CreateBookingRequest)" on controller "HotelBooking.API.Controllers.BookingController" ("HotelBooking.API").
2026-06-03 16:27:29 [Information] 📝 ЗАПРОС НА БРОНИРОВАНИЕ: RoomId="r_101", Guest="Леон ", Email="leon@gmail.com", Dates=06/10/2026 00:00:00→06/15/2026 00:00:00
2026-06-03 16:27:29 [Information] 🔄 Выполнение бронирования через Saga...
2026-06-03 16:27:29 [Information] ========== НАЧАЛО СКВОЗНОГО СЦЕНАРИЯ ==========
2026-06-03 16:27:29 [Information] 1️⃣ Гость выбирает номер: "r_101"
2026-06-03 16:27:29 [Information] 2️⃣ Проверка доступности номера...
2026-06-03 16:27:29 [Information] Executed DbCommand ("2"ms) [Parameters=["@__roomId_0='?' (Size = 5)"], CommandType='Text', CommandTimeout='30']"
""SELECT \"r\".\"Id\", \"r\".\"Capacity\", \"r\".\"HotelId\", \"r\".\"IsAvailable\", \"r\".\"PricePerNight\", \"r\".\"RoomId\", \"r\".\"Type\"
FROM \"Rooms\" AS \"r\"
WHERE \"r\".\"RoomId\" = @__roomId_0
LIMIT 1"
2026-06-03 16:27:29 [Information]    ✅ Номер доступен
2026-06-03 16:27:29 [Information] 3️⃣ Создание бронирования...
2026-06-03 16:27:29 [Information] Executed DbCommand ("1"ms) [Parameters=["@p0='?' (Size = 36), @p1='?' (DbType = DateTime), @p2='?' (DbType = DateTime), @p3='?' (DbType = DateTime), @p4='?' (Size = 14), @p5='?' (Size = 5), @p6='?' (Size = 5), @p7='?' (Size = 7), @p8='?' (DbType = Decimal)"], CommandType='Text', CommandTimeout='30']"
""INSERT INTO \"Bookings\" (\"BookingId\", \"CheckIn\", \"CheckOut\", \"CreatedAt\", \"GuestEmail\", \"GuestName\", \"RoomId\", \"Status\", \"TotalAmount\")
VALUES (@p0, @p1, @p2, @p3, @p4, @p5, @p6, @p7, @p8)
RETURNING \"Id\";"
2026-06-03 16:27:29 [Information]    ✅ Бронирование создано: BookingId="96d6e9f0-e769-4854-9758-5bf7d074cc08", Сумма=40000.0 руб
2026-06-03 16:27:29 [Information] 4️⃣ Обработка оплаты...
2026-06-03 16:27:29 [Information] Executed DbCommand ("0"ms) [Parameters=["@p1='?' (DbType = Int32), @p0='?' (Size = 9)"], CommandType='Text', CommandTimeout='30']"
""UPDATE \"Bookings\" SET \"Status\" = @p0
WHERE \"Id\" = @p1
RETURNING 1;"
2026-06-03 16:27:29 [Information] Executed DbCommand ("0"ms) [Parameters=["@p0='?' (DbType = Decimal), @p1='?' (Size = 36), @p2='?' (DbType = DateTime), @p3='?' (Size = 36), @p4='?' (Size = 7)"], CommandType='Text', CommandTimeout='30']"
""INSERT INTO \"Payments\" (\"Amount\", \"BookingId\", \"PaymentDate\", \"PaymentId\", \"Status\")
VALUES (@p0, @p1, @p2, @p3, @p4)
RETURNING \"Id\";"
2026-06-03 16:27:29 [Information]    ✅ Оплата проведена: PaymentId="7d2aebd5-baa8-4de8-a7f6-de6abf693bed", Статус="SUCCESS"
2026-06-03 16:27:29 [Information] 5️⃣ Подтверждение бронирования...
2026-06-03 16:27:29 [Information]    ✅ Бронирование ПОДТВЕРЖДЕНО!
2026-06-03 16:27:29 [Information] ========== СКВОЗНОЙ СЦЕНАРИЙ ЗАВЕРШЕН УСПЕШНО ==========
2026-06-03 16:27:29 [Information] Executed DbCommand ("0"ms) [Parameters=["@__bookingId_0='?' (Size = 36)"], CommandType='Text', CommandTimeout='30']"
""SELECT \"b\".\"Id\", \"b\".\"BookingId\", \"b\".\"CheckIn\", \"b\".\"CheckOut\", \"b\".\"CreatedAt\", \"b\".\"GuestEmail\", \"b\".\"GuestName\", \"b\".\"RoomId\", \"b\".\"Status\", \"b\".\"TotalAmount\"
FROM \"Bookings\" AS \"b\"
WHERE \"b\".\"BookingId\" = @__bookingId_0
LIMIT 1"
2026-06-03 16:27:29 [Information] ✅ БРОНИРОВАНИЕ УСПЕШНО ЗАВЕРШЕНО! BookingId="96d6e9f0-e769-4854-9758-5bf7d074cc08", TotalAmount=40000.0 руб
2026-06-03 16:27:29 [Information] Executing "OkObjectResult", writing value of type '"<>f__AnonymousType0`3[[System.Boolean, System.Private.CoreLib, Version=8.0.0.0, Culture=neutral, PublicKeyToken=7cec85d7bea7798e],[System.String, System.Private.CoreLib, Version=8.0.0.0, Culture=neutral, PublicKeyToken=7cec85d7bea7798e],[System.Nullable`1[[System.Decimal, System.Private.CoreLib, Version=8.0.0.0, Culture=neutral, PublicKeyToken=7cec85d7bea7798e]], System.Private.CoreLib, Version=8.0.0.0, Culture=neutral, PublicKeyToken=7cec85d7bea7798e]]"'.
2026-06-03 16:27:29 [Information] Executed action "HotelBooking.API.Controllers.BookingController.CreateBooking (HotelBooking.API)" in 184.6479ms
2026-06-03 16:27:29 [Information] Executed endpoint '"HotelBooking.API.Controllers.BookingController.CreateBooking (HotelBooking.API)"'
2026-06-03 16:27:29 [Information] Request finished "HTTP/1.1" "POST" "http"://"localhost:5071""""/api/Booking/book""" - 200 null "application/json; charset=utf-8" 194.0084ms
2026-06-03 16:27:31 [Information] Request starting "HTTP/1.1" "GET" "http"://"localhost:5071""""/api/Booking/bookings""" - null null
2026-06-03 16:27:31 [Information] Executing endpoint '"HotelBooking.API.Controllers.BookingController.GetBookings (HotelBooking.API)"'
2026-06-03 16:27:31 [Information] Route matched with "{action = \"GetBookings\", controller = \"Booking\"}". Executing controller action with signature "System.Threading.Tasks.Task`1[Microsoft.AspNetCore.Mvc.IActionResult] GetBookings()" on controller "HotelBooking.API.Controllers.BookingController" ("HotelBooking.API").
2026-06-03 16:27:31 [Information] 📋 Запрос списка бронирований
2026-06-03 16:27:31 [Information] Executed DbCommand ("0"ms) [Parameters=[""], CommandType='Text', CommandTimeout='30']"
""SELECT \"b\".\"Id\", \"b\".\"BookingId\", \"b\".\"CheckIn\", \"b\".\"CheckOut\", \"b\".\"CreatedAt\", \"b\".\"GuestEmail\", \"b\".\"GuestName\", \"b\".\"RoomId\", \"b\".\"Status\", \"b\".\"TotalAmount\"
FROM \"Bookings\" AS \"b\""
2026-06-03 16:27:31 [Information] ✅ Успешно загружено 12 бронирований
2026-06-03 16:27:31 [Information] Executing "OkObjectResult", writing value of type '"System.Collections.Generic.List`1[[IntegrationService.Models.Booking, IntegrationService, Version=1.0.0.0, Culture=neutral, PublicKeyToken=null]]"'.
2026-06-03 16:27:31 [Information] Executed action "HotelBooking.API.Controllers.BookingController.GetBookings (HotelBooking.API)" in 3.6223ms
2026-06-03 16:27:31 [Information] Executed endpoint '"HotelBooking.API.Controllers.BookingController.GetBookings (HotelBooking.API)"'
2026-06-03 16:27:31 [Information] Request finished "HTTP/1.1" "GET" "http"://"localhost:5071""""/api/Booking/bookings""" - 200 null "application/json; charset=utf-8" 7.3939ms
2026-06-03 16:27:31 [Information] Request starting "HTTP/1.1" "GET" "http"://"localhost:5071""""/api/Booking/bookings""" - null null
2026-06-03 16:27:31 [Information] Executing endpoint '"HotelBooking.API.Controllers.BookingController.GetBookings (HotelBooking.API)"'
2026-06-03 16:27:31 [Information] Route matched with "{action = \"GetBookings\", controller = \"Booking\"}". Executing controller action with signature "System.Threading.Tasks.Task`1[Microsoft.AspNetCore.Mvc.IActionResult] GetBookings()" on controller "HotelBooking.API.Controllers.BookingController" ("HotelBooking.API").
2026-06-03 16:27:31 [Information] 📋 Запрос списка бронирований
2026-06-03 16:27:31 [Information] Executed DbCommand ("0"ms) [Parameters=[""], CommandType='Text', CommandTimeout='30']"
""SELECT \"b\".\"Id\", \"b\".\"BookingId\", \"b\".\"CheckIn\", \"b\".\"CheckOut\", \"b\".\"CreatedAt\", \"b\".\"GuestEmail\", \"b\".\"GuestName\", \"b\".\"RoomId\", \"b\".\"Status\", \"b\".\"TotalAmount\"
FROM \"Bookings\" AS \"b\""
2026-06-03 16:27:31 [Information] ✅ Успешно загружено 12 бронирований
2026-06-03 16:27:31 [Information] Executing "OkObjectResult", writing value of type '"System.Collections.Generic.List`1[[IntegrationService.Models.Booking, IntegrationService, Version=1.0.0.0, Culture=neutral, PublicKeyToken=null]]"'.
2026-06-03 16:27:31 [Information] Executed action "HotelBooking.API.Controllers.BookingController.GetBookings (HotelBooking.API)" in 3.5045ms
2026-06-03 16:27:31 [Information] Executed endpoint '"HotelBooking.API.Controllers.BookingController.GetBookings (HotelBooking.API)"'
2026-06-03 16:27:31 [Information] Request finished "HTTP/1.1" "GET" "http"://"localhost:5071""""/api/Booking/bookings""" - 200 null "application/json; charset=utf-8" 7.6351ms
2026-06-03 16:29:50 [Information] Application is shutting down...
2026-06-03 16:30:03 [Information] Executed DbCommand ("6"ms) [Parameters=[""], CommandType='Text', CommandTimeout='30']"
""SELECT COUNT(*) FROM \"sqlite_master\" WHERE \"type\" = 'table' AND \"rootpage\" IS NOT NULL;"
2026-06-03 16:30:03 [Information] Now listening on: "http://localhost:5071"
2026-06-03 16:30:03 [Information] Application started. Press Ctrl+C to shut down.
2026-06-03 16:30:03 [Information] Hosting environment: "Development"
2026-06-03 16:30:03 [Information] Content root path: "C:\Users\fahre\hotel-booking-integration\HotelBooking.API"
2026-06-03 16:30:12 [Information] Request starting "HTTP/1.1" "GET" "http"://"localhost:5071""""/""" - null null
2026-06-03 16:30:12 [Information] The file "/index.html" was not modified
2026-06-03 16:30:12 [Information] Request finished "HTTP/1.1" "GET" "http"://"localhost:5071""""/index.html""" - 304 null "text/html" 26.8856ms
2026-06-03 16:30:12 [Information] Request starting "HTTP/1.1" "GET" "http"://"localhost:5071""""/api/Booking/rooms""" - null null
2026-06-03 16:30:12 [Information] Request starting "HTTP/1.1" "GET" "http"://"localhost:5071""""/api/Booking/bookings""" - null null
2026-06-03 16:30:12 [Warning] Failed to determine the https port for redirect.
2026-06-03 16:30:12 [Information] Executing endpoint '"HotelBooking.API.Controllers.BookingController.GetRooms (HotelBooking.API)"'
2026-06-03 16:30:12 [Information] Executing endpoint '"HotelBooking.API.Controllers.BookingController.GetBookings (HotelBooking.API)"'
2026-06-03 16:30:12 [Information] Route matched with "{action = \"GetRooms\", controller = \"Booking\"}". Executing controller action with signature "System.Threading.Tasks.Task`1[Microsoft.AspNetCore.Mvc.IActionResult] GetRooms()" on controller "HotelBooking.API.Controllers.BookingController" ("HotelBooking.API").
2026-06-03 16:30:12 [Information] Route matched with "{action = \"GetBookings\", controller = \"Booking\"}". Executing controller action with signature "System.Threading.Tasks.Task`1[Microsoft.AspNetCore.Mvc.IActionResult] GetBookings()" on controller "HotelBooking.API.Controllers.BookingController" ("HotelBooking.API").
2026-06-03 16:30:12 [Information] 📋 Запрос списка номеров
2026-06-03 16:30:12 [Information] 📋 Запрос списка бронирований
2026-06-03 16:30:12 [Information] Executed DbCommand ("1"ms) [Parameters=[""], CommandType='Text', CommandTimeout='30']"
""SELECT \"b\".\"Id\", \"b\".\"BookingId\", \"b\".\"CheckIn\", \"b\".\"CheckOut\", \"b\".\"CreatedAt\", \"b\".\"GuestEmail\", \"b\".\"GuestName\", \"b\".\"RoomId\", \"b\".\"Status\", \"b\".\"TotalAmount\"
FROM \"Bookings\" AS \"b\""
2026-06-03 16:30:12 [Information] Executed DbCommand ("1"ms) [Parameters=[""], CommandType='Text', CommandTimeout='30']"
""SELECT \"r\".\"Id\", \"r\".\"Capacity\", \"r\".\"HotelId\", \"r\".\"IsAvailable\", \"r\".\"PricePerNight\", \"r\".\"RoomId\", \"r\".\"Type\"
FROM \"Rooms\" AS \"r\""
2026-06-03 16:30:12 [Information] ✅ Успешно загружено 12 бронирований
2026-06-03 16:30:12 [Information] ✅ Успешно загружено 1 номеров
2026-06-03 16:30:12 [Information] Executing "OkObjectResult", writing value of type '"System.Collections.Generic.List`1[[IntegrationService.Models.Booking, IntegrationService, Version=1.0.0.0, Culture=neutral, PublicKeyToken=null]]"'.
2026-06-03 16:30:12 [Information] Executing "OkObjectResult", writing value of type '"System.Collections.Generic.List`1[[IntegrationService.Models.Room, IntegrationService, Version=1.0.0.0, Culture=neutral, PublicKeyToken=null]]"'.
2026-06-03 16:30:12 [Information] Executed action "HotelBooking.API.Controllers.BookingController.GetRooms (HotelBooking.API)" in 172.2538ms
2026-06-03 16:30:12 [Information] Executed action "HotelBooking.API.Controllers.BookingController.GetBookings (HotelBooking.API)" in 171.4691ms
2026-06-03 16:30:12 [Information] Executed endpoint '"HotelBooking.API.Controllers.BookingController.GetRooms (HotelBooking.API)"'
2026-06-03 16:30:12 [Information] Executed endpoint '"HotelBooking.API.Controllers.BookingController.GetBookings (HotelBooking.API)"'
2026-06-03 16:30:13 [Information] Request finished "HTTP/1.1" "GET" "http"://"localhost:5071""""/api/Booking/bookings""" - 200 null "application/json; charset=utf-8" 204.2531ms
2026-06-03 16:30:13 [Information] Request finished "HTTP/1.1" "GET" "http"://"localhost:5071""""/api/Booking/rooms""" - 200 null "application/json; charset=utf-8" 204.2532ms
2026-06-03 16:30:25 [Information] Request starting "HTTP/1.1" "POST" "http"://"localhost:5071""""/api/Booking/book""" - "application/json" 139
2026-06-03 16:30:25 [Information] Executing endpoint '"HotelBooking.API.Controllers.BookingController.CreateBooking (HotelBooking.API)"'
2026-06-03 16:30:25 [Information] Route matched with "{action = \"CreateBooking\", controller = \"Booking\"}". Executing controller action with signature "System.Threading.Tasks.Task`1[Microsoft.AspNetCore.Mvc.IActionResult] CreateBooking(HotelBooking.API.Controllers.CreateBookingRequest)" on controller "HotelBooking.API.Controllers.BookingController" ("HotelBooking.API").
2026-06-03 16:30:25 [Information] 📝 ЗАПРОС НА БРОНИРОВАНИЕ: RoomId="r_101", Guest="леня яндимиров", Email="leon@example.com", Dates=06/10/2026 00:00:00→06/15/2026 00:00:00
2026-06-03 16:30:25 [Information] 🔄 Выполнение бронирования через Saga...
2026-06-03 16:30:25 [Information] ========== НАЧАЛО СКВОЗНОГО СЦЕНАРИЯ ==========
2026-06-03 16:30:25 [Information] 1️⃣ Гость выбирает номер: "r_101"
2026-06-03 16:30:25 [Information] 2️⃣ Проверка доступности номера...
2026-06-03 16:30:25 [Information] Executed DbCommand ("2"ms) [Parameters=["@__roomId_0='?' (Size = 5)"], CommandType='Text', CommandTimeout='30']"
""SELECT \"r\".\"Id\", \"r\".\"Capacity\", \"r\".\"HotelId\", \"r\".\"IsAvailable\", \"r\".\"PricePerNight\", \"r\".\"RoomId\", \"r\".\"Type\"
FROM \"Rooms\" AS \"r\"
WHERE \"r\".\"RoomId\" = @__roomId_0
LIMIT 1"
2026-06-03 16:30:25 [Information]    ✅ Номер доступен
2026-06-03 16:30:25 [Information] 3️⃣ Создание бронирования...
2026-06-03 16:30:25 [Information] Executed DbCommand ("1"ms) [Parameters=["@p0='?' (Size = 36), @p1='?' (DbType = DateTime), @p2='?' (DbType = DateTime), @p3='?' (DbType = DateTime), @p4='?' (Size = 16), @p5='?' (Size = 14), @p6='?' (Size = 5), @p7='?' (Size = 7), @p8='?' (DbType = Decimal)"], CommandType='Text', CommandTimeout='30']"
""INSERT INTO \"Bookings\" (\"BookingId\", \"CheckIn\", \"CheckOut\", \"CreatedAt\", \"GuestEmail\", \"GuestName\", \"RoomId\", \"Status\", \"TotalAmount\")
VALUES (@p0, @p1, @p2, @p3, @p4, @p5, @p6, @p7, @p8)
RETURNING \"Id\";"
2026-06-03 16:30:25 [Information]    ✅ Бронирование создано: BookingId="14889da3-f220-48f9-beaf-58da5d91231c", Сумма=40000.0 руб
2026-06-03 16:30:25 [Information] 4️⃣ Обработка оплаты...
2026-06-03 16:30:25 [Information] Executed DbCommand ("0"ms) [Parameters=["@p1='?' (DbType = Int32), @p0='?' (Size = 9)"], CommandType='Text', CommandTimeout='30']"
""UPDATE \"Bookings\" SET \"Status\" = @p0
WHERE \"Id\" = @p1
RETURNING 1;"
2026-06-03 16:30:25 [Information] Executed DbCommand ("0"ms) [Parameters=["@p0='?' (DbType = Decimal), @p1='?' (Size = 36), @p2='?' (DbType = DateTime), @p3='?' (Size = 36), @p4='?' (Size = 7)"], CommandType='Text', CommandTimeout='30']"
""INSERT INTO \"Payments\" (\"Amount\", \"BookingId\", \"PaymentDate\", \"PaymentId\", \"Status\")
VALUES (@p0, @p1, @p2, @p3, @p4)
RETURNING \"Id\";"
2026-06-03 16:30:25 [Information]    ✅ Оплата проведена: PaymentId="028181e3-6d47-4b4c-ab44-f47f19182eb1", Статус="SUCCESS"
2026-06-03 16:30:25 [Information] 5️⃣ Подтверждение бронирования...
2026-06-03 16:30:25 [Information]    ✅ Бронирование ПОДТВЕРЖДЕНО!
2026-06-03 16:30:25 [Information] ========== СКВОЗНОЙ СЦЕНАРИЙ ЗАВЕРШЕН УСПЕШНО ==========
2026-06-03 16:30:25 [Information] Executed DbCommand ("0"ms) [Parameters=["@__bookingId_0='?' (Size = 36)"], CommandType='Text', CommandTimeout='30']"
""SELECT \"b\".\"Id\", \"b\".\"BookingId\", \"b\".\"CheckIn\", \"b\".\"CheckOut\", \"b\".\"CreatedAt\", \"b\".\"GuestEmail\", \"b\".\"GuestName\", \"b\".\"RoomId\", \"b\".\"Status\", \"b\".\"TotalAmount\"
FROM \"Bookings\" AS \"b\"
WHERE \"b\".\"BookingId\" = @__bookingId_0
LIMIT 1"
2026-06-03 16:30:25 [Information] ✅ БРОНИРОВАНИЕ УСПЕШНО ЗАВЕРШЕНО! BookingId="14889da3-f220-48f9-beaf-58da5d91231c", TotalAmount=40000.0 руб
2026-06-03 16:30:25 [Information] Executing "OkObjectResult", writing value of type '"<>f__AnonymousType0`3[[System.Boolean, System.Private.CoreLib, Version=8.0.0.0, Culture=neutral, PublicKeyToken=7cec85d7bea7798e],[System.String, System.Private.CoreLib, Version=8.0.0.0, Culture=neutral, PublicKeyToken=7cec85d7bea7798e],[System.Nullable`1[[System.Decimal, System.Private.CoreLib, Version=8.0.0.0, Culture=neutral, PublicKeyToken=7cec85d7bea7798e]], System.Private.CoreLib, Version=8.0.0.0, Culture=neutral, PublicKeyToken=7cec85d7bea7798e]]"'.
2026-06-03 16:30:25 [Information] Executed action "HotelBooking.API.Controllers.BookingController.CreateBooking (HotelBooking.API)" in 221.0921ms
2026-06-03 16:30:25 [Information] Executed endpoint '"HotelBooking.API.Controllers.BookingController.CreateBooking (HotelBooking.API)"'
2026-06-03 16:30:25 [Information] Request finished "HTTP/1.1" "POST" "http"://"localhost:5071""""/api/Booking/book""" - 200 null "application/json; charset=utf-8" 232.9094ms
2026-06-03 16:30:26 [Information] Request starting "HTTP/1.1" "GET" "http"://"localhost:5071""""/api/Booking/bookings""" - null null
2026-06-03 16:30:26 [Information] Executing endpoint '"HotelBooking.API.Controllers.BookingController.GetBookings (HotelBooking.API)"'
2026-06-03 16:30:26 [Information] Route matched with "{action = \"GetBookings\", controller = \"Booking\"}". Executing controller action with signature "System.Threading.Tasks.Task`1[Microsoft.AspNetCore.Mvc.IActionResult] GetBookings()" on controller "HotelBooking.API.Controllers.BookingController" ("HotelBooking.API").
2026-06-03 16:30:26 [Information] 📋 Запрос списка бронирований
2026-06-03 16:30:26 [Information] Executed DbCommand ("0"ms) [Parameters=[""], CommandType='Text', CommandTimeout='30']"
""SELECT \"b\".\"Id\", \"b\".\"BookingId\", \"b\".\"CheckIn\", \"b\".\"CheckOut\", \"b\".\"CreatedAt\", \"b\".\"GuestEmail\", \"b\".\"GuestName\", \"b\".\"RoomId\", \"b\".\"Status\", \"b\".\"TotalAmount\"
FROM \"Bookings\" AS \"b\""
2026-06-03 16:30:26 [Information] ✅ Успешно загружено 13 бронирований
2026-06-03 16:30:26 [Information] Executing "OkObjectResult", writing value of type '"System.Collections.Generic.List`1[[IntegrationService.Models.Booking, IntegrationService, Version=1.0.0.0, Culture=neutral, PublicKeyToken=null]]"'.
2026-06-03 16:30:26 [Information] Executed action "HotelBooking.API.Controllers.BookingController.GetBookings (HotelBooking.API)" in 3.7443ms
2026-06-03 16:30:26 [Information] Executed endpoint '"HotelBooking.API.Controllers.BookingController.GetBookings (HotelBooking.API)"'
2026-06-03 16:30:26 [Information] Request finished "HTTP/1.1" "GET" "http"://"localhost:5071""""/api/Booking/bookings""" - 200 null "application/json; charset=utf-8" 7.9773ms
2026-06-03 16:30:26 [Information] Request starting "HTTP/1.1" "GET" "http"://"localhost:5071""""/api/Booking/bookings""" - null null
2026-06-03 16:30:26 [Information] Executing endpoint '"HotelBooking.API.Controllers.BookingController.GetBookings (HotelBooking.API)"'
2026-06-03 16:30:26 [Information] Route matched with "{action = \"GetBookings\", controller = \"Booking\"}". Executing controller action with signature "System.Threading.Tasks.Task`1[Microsoft.AspNetCore.Mvc.IActionResult] GetBookings()" on controller "HotelBooking.API.Controllers.BookingController" ("HotelBooking.API").
2026-06-03 16:30:26 [Information] 📋 Запрос списка бронирований
2026-06-03 16:30:26 [Information] Executed DbCommand ("0"ms) [Parameters=[""], CommandType='Text', CommandTimeout='30']"
""SELECT \"b\".\"Id\", \"b\".\"BookingId\", \"b\".\"CheckIn\", \"b\".\"CheckOut\", \"b\".\"CreatedAt\", \"b\".\"GuestEmail\", \"b\".\"GuestName\", \"b\".\"RoomId\", \"b\".\"Status\", \"b\".\"TotalAmount\"
FROM \"Bookings\" AS \"b\""
2026-06-03 16:30:26 [Information] ✅ Успешно загружено 13 бронирований
2026-06-03 16:30:26 [Information] Executing "OkObjectResult", writing value of type '"System.Collections.Generic.List`1[[IntegrationService.Models.Booking, IntegrationService, Version=1.0.0.0, Culture=neutral, PublicKeyToken=null]]"'.
2026-06-03 16:30:26 [Information] Executed action "HotelBooking.API.Controllers.BookingController.GetBookings (HotelBooking.API)" in 3.5534ms
2026-06-03 16:30:26 [Information] Executed endpoint '"HotelBooking.API.Controllers.BookingController.GetBookings (HotelBooking.API)"'
2026-06-03 16:30:26 [Information] Request finished "HTTP/1.1" "GET" "http"://"localhost:5071""""/api/Booking/bookings""" - 200 null "application/json; charset=utf-8" 7.5648ms
2026-06-03 16:31:00 [Information] Application is shutting down...
2026-06-03 16:31:17 [Information] Executed DbCommand ("5"ms) [Parameters=[""], CommandType='Text', CommandTimeout='30']"
""SELECT COUNT(*) FROM \"sqlite_master\" WHERE \"type\" = 'table' AND \"rootpage\" IS NOT NULL;"
2026-06-03 16:31:17 [Information] Now listening on: "http://localhost:5071"
2026-06-03 16:31:17 [Information] Application started. Press Ctrl+C to shut down.
2026-06-03 16:31:17 [Information] Hosting environment: "Development"
2026-06-03 16:31:17 [Information] Content root path: "C:\Users\fahre\hotel-booking-integration\HotelBooking.API"
2026-06-03 16:31:20 [Information] Request starting "HTTP/1.1" "GET" "http"://"localhost:5071""""/""" - null null
2026-06-03 16:31:20 [Information] The file "/index.html" was not modified
2026-06-03 16:31:20 [Information] Request finished "HTTP/1.1" "GET" "http"://"localhost:5071""""/index.html""" - 304 null "text/html" 27.0582ms
2026-06-03 16:31:20 [Information] Request starting "HTTP/1.1" "GET" "http"://"localhost:5071""""/api/Booking/rooms""" - null null
2026-06-03 16:31:20 [Information] Request starting "HTTP/1.1" "GET" "http"://"localhost:5071""""/api/Booking/bookings""" - null null
2026-06-03 16:31:20 [Warning] Failed to determine the https port for redirect.
2026-06-03 16:31:20 [Information] Executing endpoint '"HotelBooking.API.Controllers.BookingController.GetRooms (HotelBooking.API)"'
2026-06-03 16:31:20 [Information] Executing endpoint '"HotelBooking.API.Controllers.BookingController.GetBookings (HotelBooking.API)"'
2026-06-03 16:31:20 [Information] Route matched with "{action = \"GetBookings\", controller = \"Booking\"}". Executing controller action with signature "System.Threading.Tasks.Task`1[Microsoft.AspNetCore.Mvc.IActionResult] GetBookings()" on controller "HotelBooking.API.Controllers.BookingController" ("HotelBooking.API").
2026-06-03 16:31:20 [Information] Route matched with "{action = \"GetRooms\", controller = \"Booking\"}". Executing controller action with signature "System.Threading.Tasks.Task`1[Microsoft.AspNetCore.Mvc.IActionResult] GetRooms()" on controller "HotelBooking.API.Controllers.BookingController" ("HotelBooking.API").
2026-06-03 16:31:20 [Information] Executed DbCommand ("1"ms) [Parameters=[""], CommandType='Text', CommandTimeout='30']"
""SELECT \"b\".\"Id\", \"b\".\"BookingId\", \"b\".\"CheckIn\", \"b\".\"CheckOut\", \"b\".\"CreatedAt\", \"b\".\"GuestEmail\", \"b\".\"GuestName\", \"b\".\"RoomId\", \"b\".\"Status\", \"b\".\"TotalAmount\"
FROM \"Bookings\" AS \"b\""
2026-06-03 16:31:20 [Information] Executed DbCommand ("1"ms) [Parameters=[""], CommandType='Text', CommandTimeout='30']"
""SELECT \"r\".\"Id\", \"r\".\"Capacity\", \"r\".\"HotelId\", \"r\".\"IsAvailable\", \"r\".\"PricePerNight\", \"r\".\"RoomId\", \"r\".\"Type\"
FROM \"Rooms\" AS \"r\""
2026-06-03 16:31:20 [Information] Executing "OkObjectResult", writing value of type '"System.Collections.Generic.List`1[[IntegrationService.Models.Booking, IntegrationService, Version=1.0.0.0, Culture=neutral, PublicKeyToken=null]]"'.
2026-06-03 16:31:20 [Information] Executing "OkObjectResult", writing value of type '"System.Collections.Generic.List`1[[IntegrationService.Models.Room, IntegrationService, Version=1.0.0.0, Culture=neutral, PublicKeyToken=null]]"'.
2026-06-03 16:31:20 [Information] Executed action "HotelBooking.API.Controllers.BookingController.GetBookings (HotelBooking.API)" in 171.9239ms
2026-06-03 16:31:20 [Information] Executed action "HotelBooking.API.Controllers.BookingController.GetRooms (HotelBooking.API)" in 170.8013ms
2026-06-03 16:31:20 [Information] Executed endpoint '"HotelBooking.API.Controllers.BookingController.GetBookings (HotelBooking.API)"'
2026-06-03 16:31:20 [Information] Executed endpoint '"HotelBooking.API.Controllers.BookingController.GetRooms (HotelBooking.API)"'
2026-06-03 16:31:20 [Information] Request finished "HTTP/1.1" "GET" "http"://"localhost:5071""""/api/Booking/rooms""" - 200 null "application/json; charset=utf-8" 204.837ms
2026-06-03 16:31:20 [Information] Request finished "HTTP/1.1" "GET" "http"://"localhost:5071""""/api/Booking/bookings""" - 200 null "application/json; charset=utf-8" 204.8501ms
2026-06-03 16:31:31 [Information] Request starting "HTTP/1.1" "POST" "http"://"localhost:5071""""/api/Booking/book""" - "application/json" 133
2026-06-03 16:31:31 [Information] Executing endpoint '"HotelBooking.API.Controllers.BookingController.CreateBooking (HotelBooking.API)"'
2026-06-03 16:31:31 [Information] Route matched with "{action = \"CreateBooking\", controller = \"Booking\"}". Executing controller action with signature "System.Threading.Tasks.Task`1[Microsoft.AspNetCore.Mvc.IActionResult] CreateBooking(HotelBooking.API.Controllers.CreateBookingRequest)" on controller "HotelBooking.API.Controllers.BookingController" ("HotelBooking.API").
2026-06-03 16:31:31 [Information] 📝 ЗАПРОС НА БРОНИРОВАНИЕ: RoomId="r_101", Guest="леон Петров", Email="leon@example.com", Dates=06/10/2026 00:00:00→06/15/2026 00:00:00
2026-06-03 16:31:31 [Information] 🔄 Вызов Saga.ExecuteBookingFlow...
2026-06-03 16:31:31 [Information] ========== НАЧАЛО СКВОЗНОГО СЦЕНАРИЯ ==========
2026-06-03 16:31:31 [Information] 1️⃣ Гость выбирает номер: "r_101"
2026-06-03 16:31:31 [Information] 2️⃣ Проверка доступности номера...
2026-06-03 16:31:31 [Information] Executed DbCommand ("2"ms) [Parameters=["@__roomId_0='?' (Size = 5)"], CommandType='Text', CommandTimeout='30']"
""SELECT \"r\".\"Id\", \"r\".\"Capacity\", \"r\".\"HotelId\", \"r\".\"IsAvailable\", \"r\".\"PricePerNight\", \"r\".\"RoomId\", \"r\".\"Type\"
FROM \"Rooms\" AS \"r\"
WHERE \"r\".\"RoomId\" = @__roomId_0
LIMIT 1"
2026-06-03 16:31:31 [Information]    ✅ Номер доступен
2026-06-03 16:31:31 [Information] 3️⃣ Создание бронирования...
2026-06-03 16:31:31 [Information] Executed DbCommand ("1"ms) [Parameters=["@p0='?' (Size = 36), @p1='?' (DbType = DateTime), @p2='?' (DbType = DateTime), @p3='?' (DbType = DateTime), @p4='?' (Size = 16), @p5='?' (Size = 11), @p6='?' (Size = 5), @p7='?' (Size = 7), @p8='?' (DbType = Decimal)"], CommandType='Text', CommandTimeout='30']"
""INSERT INTO \"Bookings\" (\"BookingId\", \"CheckIn\", \"CheckOut\", \"CreatedAt\", \"GuestEmail\", \"GuestName\", \"RoomId\", \"Status\", \"TotalAmount\")
VALUES (@p0, @p1, @p2, @p3, @p4, @p5, @p6, @p7, @p8)
RETURNING \"Id\";"
2026-06-03 16:31:31 [Information]    ✅ Бронирование создано: BookingId="e1bb6681-cb41-4602-ad8c-5ee79597e55b", Сумма=40000.0 руб
2026-06-03 16:31:31 [Information] 4️⃣ Обработка оплаты...
2026-06-03 16:31:31 [Information] Executed DbCommand ("0"ms) [Parameters=["@p1='?' (DbType = Int32), @p0='?' (Size = 9)"], CommandType='Text', CommandTimeout='30']"
""UPDATE \"Bookings\" SET \"Status\" = @p0
WHERE \"Id\" = @p1
RETURNING 1;"
2026-06-03 16:31:31 [Information] Executed DbCommand ("0"ms) [Parameters=["@p0='?' (DbType = Decimal), @p1='?' (Size = 36), @p2='?' (DbType = DateTime), @p3='?' (Size = 36), @p4='?' (Size = 7)"], CommandType='Text', CommandTimeout='30']"
""INSERT INTO \"Payments\" (\"Amount\", \"BookingId\", \"PaymentDate\", \"PaymentId\", \"Status\")
VALUES (@p0, @p1, @p2, @p3, @p4)
RETURNING \"Id\";"
2026-06-03 16:31:31 [Information]    ✅ Оплата проведена: PaymentId="97565f74-2473-4c66-9272-71a2f56191b3", Статус="SUCCESS"
2026-06-03 16:31:31 [Information] 5️⃣ Подтверждение бронирования...
2026-06-03 16:31:31 [Information]    ✅ Бронирование ПОДТВЕРЖДЕНО!
2026-06-03 16:31:31 [Information] ========== СКВОЗНОЙ СЦЕНАРИЙ ЗАВЕРШЕН УСПЕШНО ==========
2026-06-03 16:31:31 [Information] ✅ Saga вернула BookingId="e1bb6681-cb41-4602-ad8c-5ee79597e55b"
2026-06-03 16:31:31 [Information] Executed DbCommand ("0"ms) [Parameters=["@__bookingId_0='?' (Size = 36)"], CommandType='Text', CommandTimeout='30']"
""SELECT \"b\".\"Id\", \"b\".\"BookingId\", \"b\".\"CheckIn\", \"b\".\"CheckOut\", \"b\".\"CreatedAt\", \"b\".\"GuestEmail\", \"b\".\"GuestName\", \"b\".\"RoomId\", \"b\".\"Status\", \"b\".\"TotalAmount\"
FROM \"Bookings\" AS \"b\"
WHERE \"b\".\"BookingId\" = @__bookingId_0
LIMIT 1"
2026-06-03 16:31:31 [Information] ✅ БРОНИРОВАНИЕ УСПЕШНО ЗАВЕРШЕНО! BookingId="e1bb6681-cb41-4602-ad8c-5ee79597e55b", TotalAmount=40000.0 руб
2026-06-03 16:31:31 [Information] Executing "OkObjectResult", writing value of type '"<>f__AnonymousType0`3[[System.Boolean, System.Private.CoreLib, Version=8.0.0.0, Culture=neutral, PublicKeyToken=7cec85d7bea7798e],[System.String, System.Private.CoreLib, Version=8.0.0.0, Culture=neutral, PublicKeyToken=7cec85d7bea7798e],[System.Nullable`1[[System.Decimal, System.Private.CoreLib, Version=8.0.0.0, Culture=neutral, PublicKeyToken=7cec85d7bea7798e]], System.Private.CoreLib, Version=8.0.0.0, Culture=neutral, PublicKeyToken=7cec85d7bea7798e]]"'.
2026-06-03 16:31:31 [Information] Executed action "HotelBooking.API.Controllers.BookingController.CreateBooking (HotelBooking.API)" in 216.0148ms
2026-06-03 16:31:31 [Information] Executed endpoint '"HotelBooking.API.Controllers.BookingController.CreateBooking (HotelBooking.API)"'
2026-06-03 16:31:31 [Information] Request finished "HTTP/1.1" "POST" "http"://"localhost:5071""""/api/Booking/book""" - 200 null "application/json; charset=utf-8" 227.8514ms
2026-06-03 16:31:32 [Information] Request starting "HTTP/1.1" "GET" "http"://"localhost:5071""""/api/Booking/bookings""" - null null
2026-06-03 16:31:32 [Information] Executing endpoint '"HotelBooking.API.Controllers.BookingController.GetBookings (HotelBooking.API)"'
2026-06-03 16:31:32 [Information] Route matched with "{action = \"GetBookings\", controller = \"Booking\"}". Executing controller action with signature "System.Threading.Tasks.Task`1[Microsoft.AspNetCore.Mvc.IActionResult] GetBookings()" on controller "HotelBooking.API.Controllers.BookingController" ("HotelBooking.API").
2026-06-03 16:31:32 [Information] Executed DbCommand ("0"ms) [Parameters=[""], CommandType='Text', CommandTimeout='30']"
""SELECT \"b\".\"Id\", \"b\".\"BookingId\", \"b\".\"CheckIn\", \"b\".\"CheckOut\", \"b\".\"CreatedAt\", \"b\".\"GuestEmail\", \"b\".\"GuestName\", \"b\".\"RoomId\", \"b\".\"Status\", \"b\".\"TotalAmount\"
FROM \"Bookings\" AS \"b\""
2026-06-03 16:31:32 [Information] Executing "OkObjectResult", writing value of type '"System.Collections.Generic.List`1[[IntegrationService.Models.Booking, IntegrationService, Version=1.0.0.0, Culture=neutral, PublicKeyToken=null]]"'.
2026-06-03 16:31:32 [Information] Executed action "HotelBooking.API.Controllers.BookingController.GetBookings (HotelBooking.API)" in 3.0771ms
2026-06-03 16:31:32 [Information] Executed endpoint '"HotelBooking.API.Controllers.BookingController.GetBookings (HotelBooking.API)"'
2026-06-03 16:31:32 [Information] Request finished "HTTP/1.1" "GET" "http"://"localhost:5071""""/api/Booking/bookings""" - 200 null "application/json; charset=utf-8" 7.2236ms
2026-06-03 16:31:32 [Information] Request starting "HTTP/1.1" "GET" "http"://"localhost:5071""""/api/Booking/bookings""" - null null
2026-06-03 16:31:32 [Information] Executing endpoint '"HotelBooking.API.Controllers.BookingController.GetBookings (HotelBooking.API)"'
2026-06-03 16:31:32 [Information] Route matched with "{action = \"GetBookings\", controller = \"Booking\"}". Executing controller action with signature "System.Threading.Tasks.Task`1[Microsoft.AspNetCore.Mvc.IActionResult] GetBookings()" on controller "HotelBooking.API.Controllers.BookingController" ("HotelBooking.API").
2026-06-03 16:31:32 [Information] Executed DbCommand ("0"ms) [Parameters=[""], CommandType='Text', CommandTimeout='30']"
""SELECT \"b\".\"Id\", \"b\".\"BookingId\", \"b\".\"CheckIn\", \"b\".\"CheckOut\", \"b\".\"CreatedAt\", \"b\".\"GuestEmail\", \"b\".\"GuestName\", \"b\".\"RoomId\", \"b\".\"Status\", \"b\".\"TotalAmount\"
FROM \"Bookings\" AS \"b\""
2026-06-03 16:31:32 [Information] Executing "OkObjectResult", writing value of type '"System.Collections.Generic.List`1[[IntegrationService.Models.Booking, IntegrationService, Version=1.0.0.0, Culture=neutral, PublicKeyToken=null]]"'.
2026-06-03 16:31:32 [Information] Executed action "HotelBooking.API.Controllers.BookingController.GetBookings (HotelBooking.API)" in 2.584ms
2026-06-03 16:31:32 [Information] Executed endpoint '"HotelBooking.API.Controllers.BookingController.GetBookings (HotelBooking.API)"'
2026-06-03 16:31:32 [Information] Request finished "HTTP/1.1" "GET" "http"://"localhost:5071""""/api/Booking/bookings""" - 200 null "application/json; charset=utf-8" 6.6098ms
2026-06-03 16:33:02 [Information] Application is shutting down...
2026-06-03 16:34:12 [Information] Executed DbCommand ("5"ms) [Parameters=[""], CommandType='Text', CommandTimeout='30']"
""SELECT COUNT(*) FROM \"sqlite_master\" WHERE \"type\" = 'table' AND \"rootpage\" IS NOT NULL;"
2026-06-03 16:34:12 [Information] Now listening on: "http://localhost:5071"
2026-06-03 16:34:12 [Information] Application started. Press Ctrl+C to shut down.
2026-06-03 16:34:12 [Information] Hosting environment: "Development"
2026-06-03 16:34:12 [Information] Content root path: "C:\Users\fahre\hotel-booking-integration\HotelBooking.API"
2026-06-03 16:34:14 [Information] Request starting "HTTP/1.1" "GET" "http"://"localhost:5071""""/""" - null null
2026-06-03 16:34:14 [Information] The file "/index.html" was not modified
2026-06-03 16:34:14 [Information] Request finished "HTTP/1.1" "GET" "http"://"localhost:5071""""/index.html""" - 304 null "text/html" 27.0942ms
2026-06-03 16:34:14 [Information] Request starting "HTTP/1.1" "GET" "http"://"localhost:5071""""/api/Booking/bookings""" - null null
2026-06-03 16:34:14 [Information] Request starting "HTTP/1.1" "GET" "http"://"localhost:5071""""/api/Booking/rooms""" - null null
2026-06-03 16:34:14 [Warning] Failed to determine the https port for redirect.
2026-06-03 16:34:14 [Information] Executing endpoint '"HotelBooking.API.Controllers.BookingController.GetBookings (HotelBooking.API)"'
2026-06-03 16:34:14 [Information] Executing endpoint '"HotelBooking.API.Controllers.BookingController.GetRooms (HotelBooking.API)"'
2026-06-03 16:34:14 [Information] Route matched with "{action = \"GetBookings\", controller = \"Booking\"}". Executing controller action with signature "System.Threading.Tasks.Task`1[Microsoft.AspNetCore.Mvc.IActionResult] GetBookings()" on controller "HotelBooking.API.Controllers.BookingController" ("HotelBooking.API").
2026-06-03 16:34:14 [Information] Route matched with "{action = \"GetRooms\", controller = \"Booking\"}". Executing controller action with signature "System.Threading.Tasks.Task`1[Microsoft.AspNetCore.Mvc.IActionResult] GetRooms()" on controller "HotelBooking.API.Controllers.BookingController" ("HotelBooking.API").
2026-06-03 16:34:15 [Information] Executed DbCommand ("1"ms) [Parameters=[""], CommandType='Text', CommandTimeout='30']"
""SELECT \"b\".\"Id\", \"b\".\"BookingId\", \"b\".\"CheckIn\", \"b\".\"CheckOut\", \"b\".\"CreatedAt\", \"b\".\"GuestEmail\", \"b\".\"GuestName\", \"b\".\"RoomId\", \"b\".\"Status\", \"b\".\"TotalAmount\"
FROM \"Bookings\" AS \"b\""
2026-06-03 16:34:15 [Information] Executed DbCommand ("1"ms) [Parameters=[""], CommandType='Text', CommandTimeout='30']"
""SELECT \"r\".\"Id\", \"r\".\"Capacity\", \"r\".\"HotelId\", \"r\".\"IsAvailable\", \"r\".\"PricePerNight\", \"r\".\"RoomId\", \"r\".\"Type\"
FROM \"Rooms\" AS \"r\""
2026-06-03 16:34:15 [Information] Executing "OkObjectResult", writing value of type '"System.Collections.Generic.List`1[[IntegrationService.Models.Room, IntegrationService, Version=1.0.0.0, Culture=neutral, PublicKeyToken=null]]"'.
2026-06-03 16:34:15 [Information] Executing "OkObjectResult", writing value of type '"System.Collections.Generic.List`1[[IntegrationService.Models.Booking, IntegrationService, Version=1.0.0.0, Culture=neutral, PublicKeyToken=null]]"'.
2026-06-03 16:34:15 [Information] Executed action "HotelBooking.API.Controllers.BookingController.GetBookings (HotelBooking.API)" in 170.41ms
2026-06-03 16:34:15 [Information] Executed action "HotelBooking.API.Controllers.BookingController.GetRooms (HotelBooking.API)" in 169.6308ms
2026-06-03 16:34:15 [Information] Executed endpoint '"HotelBooking.API.Controllers.BookingController.GetBookings (HotelBooking.API)"'
2026-06-03 16:34:15 [Information] Executed endpoint '"HotelBooking.API.Controllers.BookingController.GetRooms (HotelBooking.API)"'
2026-06-03 16:34:15 [Information] Request finished "HTTP/1.1" "GET" "http"://"localhost:5071""""/api/Booking/bookings""" - 200 null "application/json; charset=utf-8" 200.5846ms
2026-06-03 16:34:15 [Information] Request finished "HTTP/1.1" "GET" "http"://"localhost:5071""""/api/Booking/rooms""" - 200 null "application/json; charset=utf-8" 200.5846ms
2026-06-03 16:34:31 [Information] Request starting "HTTP/1.1" "POST" "http"://"localhost:5071""""/api/Booking/book""" - "application/json" 145
2026-06-03 16:34:31 [Information] Executing endpoint '"HotelBooking.API.Controllers.BookingController.CreateBooking (HotelBooking.API)"'
2026-06-03 16:34:31 [Information] Route matched with "{action = \"CreateBooking\", controller = \"Booking\"}". Executing controller action with signature "System.Threading.Tasks.Task`1[Microsoft.AspNetCore.Mvc.IActionResult] CreateBooking(HotelBooking.API.Controllers.CreateBookingRequest)" on controller "HotelBooking.API.Controllers.BookingController" ("HotelBooking.API").
2026-06-03 16:34:31 [Information] ========== НАЧАЛО СКВОЗНОГО СЦЕНАРИЯ ==========
2026-06-03 16:34:31 [Information] Executed DbCommand ("2"ms) [Parameters=["@__roomId_0='?' (Size = 5)"], CommandType='Text', CommandTimeout='30']"
""SELECT \"r\".\"Id\", \"r\".\"Capacity\", \"r\".\"HotelId\", \"r\".\"IsAvailable\", \"r\".\"PricePerNight\", \"r\".\"RoomId\", \"r\".\"Type\"
FROM \"Rooms\" AS \"r\"
WHERE \"r\".\"RoomId\" = @__roomId_0
LIMIT 1"
2026-06-03 16:34:31 [Information] Executed DbCommand ("1"ms) [Parameters=["@p0='?' (Size = 36), @p1='?' (DbType = DateTime), @p2='?' (DbType = DateTime), @p3='?' (DbType = DateTime), @p4='?' (Size = 16), @p5='?' (Size = 17), @p6='?' (Size = 5), @p7='?' (Size = 7), @p8='?' (DbType = Decimal)"], CommandType='Text', CommandTimeout='30']"
""INSERT INTO \"Bookings\" (\"BookingId\", \"CheckIn\", \"CheckOut\", \"CreatedAt\", \"GuestEmail\", \"GuestName\", \"RoomId\", \"Status\", \"TotalAmount\")
VALUES (@p0, @p1, @p2, @p3, @p4, @p5, @p6, @p7, @p8)
RETURNING \"Id\";"
2026-06-03 16:34:31 [Information] Executed DbCommand ("0"ms) [Parameters=["@p1='?' (DbType = Int32), @p0='?' (Size = 9)"], CommandType='Text', CommandTimeout='30']"
""UPDATE \"Bookings\" SET \"Status\" = @p0
WHERE \"Id\" = @p1
RETURNING 1;"
2026-06-03 16:34:31 [Information] Executed DbCommand ("0"ms) [Parameters=["@p0='?' (DbType = Decimal), @p1='?' (Size = 36), @p2='?' (DbType = DateTime), @p3='?' (Size = 36), @p4='?' (Size = 7)"], CommandType='Text', CommandTimeout='30']"
""INSERT INTO \"Payments\" (\"Amount\", \"BookingId\", \"PaymentDate\", \"PaymentId\", \"Status\")
VALUES (@p0, @p1, @p2, @p3, @p4)
RETURNING \"Id\";"
2026-06-03 16:34:31 [Information] ========== СЦЕНАРИЙ ЗАВЕРШЕН ==========
2026-06-03 16:34:31 [Information] Executed DbCommand ("0"ms) [Parameters=["@__bookingId_0='?' (Size = 36)"], CommandType='Text', CommandTimeout='30']"
""SELECT \"b\".\"Id\", \"b\".\"BookingId\", \"b\".\"CheckIn\", \"b\".\"CheckOut\", \"b\".\"CreatedAt\", \"b\".\"GuestEmail\", \"b\".\"GuestName\", \"b\".\"RoomId\", \"b\".\"Status\", \"b\".\"TotalAmount\"
FROM \"Bookings\" AS \"b\"
WHERE \"b\".\"BookingId\" = @__bookingId_0
LIMIT 1"
2026-06-03 16:34:31 [Information] Executing "OkObjectResult", writing value of type '"<>f__AnonymousType0`3[[System.Boolean, System.Private.CoreLib, Version=8.0.0.0, Culture=neutral, PublicKeyToken=7cec85d7bea7798e],[System.String, System.Private.CoreLib, Version=8.0.0.0, Culture=neutral, PublicKeyToken=7cec85d7bea7798e],[System.Nullable`1[[System.Decimal, System.Private.CoreLib, Version=8.0.0.0, Culture=neutral, PublicKeyToken=7cec85d7bea7798e]], System.Private.CoreLib, Version=8.0.0.0, Culture=neutral, PublicKeyToken=7cec85d7bea7798e]]"'.
2026-06-03 16:34:31 [Information] Executed action "HotelBooking.API.Controllers.BookingController.CreateBooking (HotelBooking.API)" in 207.7179ms
2026-06-03 16:34:31 [Information] Executed endpoint '"HotelBooking.API.Controllers.BookingController.CreateBooking (HotelBooking.API)"'
2026-06-03 16:34:31 [Information] Request finished "HTTP/1.1" "POST" "http"://"localhost:5071""""/api/Booking/book""" - 200 null "application/json; charset=utf-8" 219.4561ms
2026-06-03 16:34:32 [Information] Request starting "HTTP/1.1" "GET" "http"://"localhost:5071""""/api/Booking/bookings""" - null null
2026-06-03 16:34:32 [Information] Executing endpoint '"HotelBooking.API.Controllers.BookingController.GetBookings (HotelBooking.API)"'
2026-06-03 16:34:32 [Information] Route matched with "{action = \"GetBookings\", controller = \"Booking\"}". Executing controller action with signature "System.Threading.Tasks.Task`1[Microsoft.AspNetCore.Mvc.IActionResult] GetBookings()" on controller "HotelBooking.API.Controllers.BookingController" ("HotelBooking.API").
2026-06-03 16:34:32 [Information] Executed DbCommand ("0"ms) [Parameters=[""], CommandType='Text', CommandTimeout='30']"
""SELECT \"b\".\"Id\", \"b\".\"BookingId\", \"b\".\"CheckIn\", \"b\".\"CheckOut\", \"b\".\"CreatedAt\", \"b\".\"GuestEmail\", \"b\".\"GuestName\", \"b\".\"RoomId\", \"b\".\"Status\", \"b\".\"TotalAmount\"
FROM \"Bookings\" AS \"b\""
2026-06-03 16:34:32 [Information] Executing "OkObjectResult", writing value of type '"System.Collections.Generic.List`1[[IntegrationService.Models.Booking, IntegrationService, Version=1.0.0.0, Culture=neutral, PublicKeyToken=null]]"'.
2026-06-03 16:34:32 [Information] Executed action "HotelBooking.API.Controllers.BookingController.GetBookings (HotelBooking.API)" in 3.3764ms
2026-06-03 16:34:32 [Information] Executed endpoint '"HotelBooking.API.Controllers.BookingController.GetBookings (HotelBooking.API)"'
2026-06-03 16:34:32 [Information] Request finished "HTTP/1.1" "GET" "http"://"localhost:5071""""/api/Booking/bookings""" - 200 null "application/json; charset=utf-8" 7.4792ms
2026-06-03 16:34:32 [Information] Request starting "HTTP/1.1" "GET" "http"://"localhost:5071""""/api/Booking/bookings""" - null null
2026-06-03 16:34:32 [Information] Executing endpoint '"HotelBooking.API.Controllers.BookingController.GetBookings (HotelBooking.API)"'
2026-06-03 16:34:32 [Information] Route matched with "{action = \"GetBookings\", controller = \"Booking\"}". Executing controller action with signature "System.Threading.Tasks.Task`1[Microsoft.AspNetCore.Mvc.IActionResult] GetBookings()" on controller "HotelBooking.API.Controllers.BookingController" ("HotelBooking.API").
2026-06-03 16:34:32 [Information] Executed DbCommand ("0"ms) [Parameters=[""], CommandType='Text', CommandTimeout='30']"
""SELECT \"b\".\"Id\", \"b\".\"BookingId\", \"b\".\"CheckIn\", \"b\".\"CheckOut\", \"b\".\"CreatedAt\", \"b\".\"GuestEmail\", \"b\".\"GuestName\", \"b\".\"RoomId\", \"b\".\"Status\", \"b\".\"TotalAmount\"
FROM \"Bookings\" AS \"b\""
2026-06-03 16:34:32 [Information] Executing "OkObjectResult", writing value of type '"System.Collections.Generic.List`1[[IntegrationService.Models.Booking, IntegrationService, Version=1.0.0.0, Culture=neutral, PublicKeyToken=null]]"'.
2026-06-03 16:34:32 [Information] Executed action "HotelBooking.API.Controllers.BookingController.GetBookings (HotelBooking.API)" in 2.841ms
2026-06-03 16:34:32 [Information] Executed endpoint '"HotelBooking.API.Controllers.BookingController.GetBookings (HotelBooking.API)"'
2026-06-03 16:34:32 [Information] Request finished "HTTP/1.1" "GET" "http"://"localhost:5071""""/api/Booking/bookings""" - 200 null "application/json; charset=utf-8" 6.6619ms
2026-06-03 16:36:23 [Information] Request starting "HTTP/1.1" "GET" "http"://"localhost:5071""""/swagger/index.html""" - null null
2026-06-03 16:36:23 [Information] Request finished "HTTP/1.1" "GET" "http"://"localhost:5071""""/swagger/index.html""" - 200 null "text/html;charset=utf-8" 29.958ms
2026-06-03 16:36:24 [Information] Request starting "HTTP/1.1" "GET" "http"://"localhost:5071""""/swagger/v1/swagger.json""" - null null
2026-06-03 16:36:24 [Information] Request finished "HTTP/1.1" "GET" "http"://"localhost:5071""""/swagger/v1/swagger.json""" - 200 null "application/json;charset=utf-8" 45.5239ms
2026-06-03 16:36:36 [Information] Request starting "HTTP/1.1" "POST" "http"://"localhost:5071""""/api/Booking/book""" - "application/json" 155
2026-06-03 16:36:36 [Information] Executing endpoint '"HotelBooking.API.Controllers.BookingController.CreateBooking (HotelBooking.API)"'
2026-06-03 16:36:36 [Information] Route matched with "{action = \"CreateBooking\", controller = \"Booking\"}". Executing controller action with signature "System.Threading.Tasks.Task`1[Microsoft.AspNetCore.Mvc.IActionResult] CreateBooking(HotelBooking.API.Controllers.CreateBookingRequest)" on controller "HotelBooking.API.Controllers.BookingController" ("HotelBooking.API").
2026-06-03 16:36:36 [Information] ========== НАЧАЛО СКВОЗНОГО СЦЕНАРИЯ ==========
2026-06-03 16:36:36 [Information] Executed DbCommand ("0"ms) [Parameters=["@__roomId_0='?' (Size = 5)"], CommandType='Text', CommandTimeout='30']"
""SELECT \"r\".\"Id\", \"r\".\"Capacity\", \"r\".\"HotelId\", \"r\".\"IsAvailable\", \"r\".\"PricePerNight\", \"r\".\"RoomId\", \"r\".\"Type\"
FROM \"Rooms\" AS \"r\"
WHERE \"r\".\"RoomId\" = @__roomId_0
LIMIT 1"
2026-06-03 16:36:36 [Information] Executed DbCommand ("0"ms) [Parameters=["@p0='?' (Size = 36), @p1='?' (DbType = DateTime), @p2='?' (DbType = DateTime), @p3='?' (DbType = DateTime), @p4='?' (Size = 13), @p5='?' (Size = 13), @p6='?' (Size = 5), @p7='?' (Size = 7), @p8='?' (DbType = Decimal)"], CommandType='Text', CommandTimeout='30']"
""INSERT INTO \"Bookings\" (\"BookingId\", \"CheckIn\", \"CheckOut\", \"CreatedAt\", \"GuestEmail\", \"GuestName\", \"RoomId\", \"Status\", \"TotalAmount\")
VALUES (@p0, @p1, @p2, @p3, @p4, @p5, @p6, @p7, @p8)
RETURNING \"Id\";"
2026-06-03 16:36:36 [Information] Executed DbCommand ("0"ms) [Parameters=["@p1='?' (DbType = Int32), @p0='?' (Size = 9)"], CommandType='Text', CommandTimeout='30']"
""UPDATE \"Bookings\" SET \"Status\" = @p0
WHERE \"Id\" = @p1
RETURNING 1;"
2026-06-03 16:36:36 [Information] Executed DbCommand ("0"ms) [Parameters=["@p0='?' (DbType = Decimal), @p1='?' (Size = 36), @p2='?' (DbType = DateTime), @p3='?' (Size = 36), @p4='?' (Size = 7)"], CommandType='Text', CommandTimeout='30']"
""INSERT INTO \"Payments\" (\"Amount\", \"BookingId\", \"PaymentDate\", \"PaymentId\", \"Status\")
VALUES (@p0, @p1, @p2, @p3, @p4)
RETURNING \"Id\";"
2026-06-03 16:36:36 [Information] ========== СЦЕНАРИЙ ЗАВЕРШЕН ==========
2026-06-03 16:36:36 [Information] Executed DbCommand ("0"ms) [Parameters=["@__bookingId_0='?' (Size = 36)"], CommandType='Text', CommandTimeout='30']"
""SELECT \"b\".\"Id\", \"b\".\"BookingId\", \"b\".\"CheckIn\", \"b\".\"CheckOut\", \"b\".\"CreatedAt\", \"b\".\"GuestEmail\", \"b\".\"GuestName\", \"b\".\"RoomId\", \"b\".\"Status\", \"b\".\"TotalAmount\"
FROM \"Bookings\" AS \"b\"
WHERE \"b\".\"BookingId\" = @__bookingId_0
LIMIT 1"
2026-06-03 16:36:36 [Information] Executing "OkObjectResult", writing value of type '"<>f__AnonymousType0`3[[System.Boolean, System.Private.CoreLib, Version=8.0.0.0, Culture=neutral, PublicKeyToken=7cec85d7bea7798e],[System.String, System.Private.CoreLib, Version=8.0.0.0, Culture=neutral, PublicKeyToken=7cec85d7bea7798e],[System.Nullable`1[[System.Decimal, System.Private.CoreLib, Version=8.0.0.0, Culture=neutral, PublicKeyToken=7cec85d7bea7798e]], System.Private.CoreLib, Version=8.0.0.0, Culture=neutral, PublicKeyToken=7cec85d7bea7798e]]"'.
2026-06-03 16:36:36 [Information] Executed action "HotelBooking.API.Controllers.BookingController.CreateBooking (HotelBooking.API)" in 15.7296ms
2026-06-03 16:36:36 [Information] Executed endpoint '"HotelBooking.API.Controllers.BookingController.CreateBooking (HotelBooking.API)"'
2026-06-03 16:36:36 [Information] Request finished "HTTP/1.1" "POST" "http"://"localhost:5071""""/api/Booking/book""" - 200 null "application/json; charset=utf-8" 20.1693ms
2026-06-03 16:37:32 [Information] Application is shutting down...
2026-06-03 16:41:07 [Information] Executed DbCommand ("5"ms) [Parameters=[""], CommandType='Text', CommandTimeout='30']"
""SELECT COUNT(*) FROM \"sqlite_master\" WHERE \"type\" = 'table' AND \"rootpage\" IS NOT NULL;"
2026-06-03 16:41:07 [Information] Now listening on: "http://localhost:5071"
2026-06-03 16:41:07 [Information] Application started. Press Ctrl+C to shut down.
2026-06-03 16:41:07 [Information] Hosting environment: "Development"
2026-06-03 16:41:07 [Information] Content root path: "C:\Users\fahre\hotel-booking-integration\HotelBooking.API"
2026-06-03 16:41:15 [Information] Request starting "HTTP/1.1" "GET" "http"://"localhost:5071""""/""" - null null
2026-06-03 16:41:15 [Information] Sending file. Request path: '"/index.html"'. Physical path: '"C:\Users\fahre\hotel-booking-integration\HotelBooking.API\wwwroot\index.html"'
2026-06-03 16:41:15 [Information] Request finished "HTTP/1.1" "GET" "http"://"localhost:5071""""/index.html""" - 200 8417 "text/html" 31.4301ms
2026-06-03 16:41:15 [Information] Request starting "HTTP/1.1" "GET" "http"://"localhost:5071""""/api/Booking/bookings""" - null null
2026-06-03 16:41:15 [Information] Request starting "HTTP/1.1" "GET" "http"://"localhost:5071""""/api/Booking/rooms""" - null null
2026-06-03 16:41:15 [Warning] Failed to determine the https port for redirect.
2026-06-03 16:41:15 [Information] Executing endpoint '"HotelBooking.API.Controllers.BookingController.GetRooms (HotelBooking.API)"'
2026-06-03 16:41:15 [Information] Executing endpoint '"HotelBooking.API.Controllers.BookingController.GetBookings (HotelBooking.API)"'
2026-06-03 16:41:15 [Information] Route matched with "{action = \"GetBookings\", controller = \"Booking\"}". Executing controller action with signature "System.Threading.Tasks.Task`1[Microsoft.AspNetCore.Mvc.IActionResult] GetBookings()" on controller "HotelBooking.API.Controllers.BookingController" ("HotelBooking.API").
2026-06-03 16:41:15 [Information] Route matched with "{action = \"GetRooms\", controller = \"Booking\"}". Executing controller action with signature "System.Threading.Tasks.Task`1[Microsoft.AspNetCore.Mvc.IActionResult] GetRooms()" on controller "HotelBooking.API.Controllers.BookingController" ("HotelBooking.API").
2026-06-03 16:41:16 [Information] Executed DbCommand ("1"ms) [Parameters=[""], CommandType='Text', CommandTimeout='30']"
""SELECT \"b\".\"Id\", \"b\".\"BookingId\", \"b\".\"CheckIn\", \"b\".\"CheckOut\", \"b\".\"CreatedAt\", \"b\".\"GuestEmail\", \"b\".\"GuestName\", \"b\".\"RoomId\", \"b\".\"Status\", \"b\".\"TotalAmount\"
FROM \"Bookings\" AS \"b\""
2026-06-03 16:41:16 [Information] Executed DbCommand ("1"ms) [Parameters=[""], CommandType='Text', CommandTimeout='30']"
""SELECT \"r\".\"Id\", \"r\".\"Capacity\", \"r\".\"HotelId\", \"r\".\"IsAvailable\", \"r\".\"PricePerNight\", \"r\".\"RoomId\", \"r\".\"Type\"
FROM \"Rooms\" AS \"r\""
2026-06-03 16:41:16 [Information] Executing "OkObjectResult", writing value of type '"System.Collections.Generic.List`1[[IntegrationService.Models.Room, IntegrationService, Version=1.0.0.0, Culture=neutral, PublicKeyToken=null]]"'.
2026-06-03 16:41:16 [Information] Executing "OkObjectResult", writing value of type '"System.Collections.Generic.List`1[[IntegrationService.Models.Booking, IntegrationService, Version=1.0.0.0, Culture=neutral, PublicKeyToken=null]]"'.
2026-06-03 16:41:16 [Information] Request starting "HTTP/1.1" "GET" "http"://"localhost:5071""""/api/Booking/bookings""" - null null
2026-06-03 16:41:16 [Information] Executed action "HotelBooking.API.Controllers.BookingController.GetBookings (HotelBooking.API)" in 170.3235ms
2026-06-03 16:41:16 [Information] Executed action "HotelBooking.API.Controllers.BookingController.GetRooms (HotelBooking.API)" in 169.5027ms
2026-06-03 16:41:16 [Information] Executed endpoint '"HotelBooking.API.Controllers.BookingController.GetBookings (HotelBooking.API)"'
2026-06-03 16:41:16 [Information] Executing endpoint '"HotelBooking.API.Controllers.BookingController.GetBookings (HotelBooking.API)"'
2026-06-03 16:41:16 [Information] Executed endpoint '"HotelBooking.API.Controllers.BookingController.GetRooms (HotelBooking.API)"'
2026-06-03 16:41:16 [Information] Route matched with "{action = \"GetBookings\", controller = \"Booking\"}". Executing controller action with signature "System.Threading.Tasks.Task`1[Microsoft.AspNetCore.Mvc.IActionResult] GetBookings()" on controller "HotelBooking.API.Controllers.BookingController" ("HotelBooking.API").
2026-06-03 16:41:16 [Information] Request finished "HTTP/1.1" "GET" "http"://"localhost:5071""""/api/Booking/rooms""" - 200 null "application/json; charset=utf-8" 201.5808ms
2026-06-03 16:41:16 [Information] Request finished "HTTP/1.1" "GET" "http"://"localhost:5071""""/api/Booking/bookings""" - 200 null "application/json; charset=utf-8" 201.5755ms
2026-06-03 16:41:16 [Information] Executed DbCommand ("0"ms) [Parameters=[""], CommandType='Text', CommandTimeout='30']"
""SELECT \"b\".\"Id\", \"b\".\"BookingId\", \"b\".\"CheckIn\", \"b\".\"CheckOut\", \"b\".\"CreatedAt\", \"b\".\"GuestEmail\", \"b\".\"GuestName\", \"b\".\"RoomId\", \"b\".\"Status\", \"b\".\"TotalAmount\"
FROM \"Bookings\" AS \"b\""
2026-06-03 16:41:16 [Information] Executing "OkObjectResult", writing value of type '"System.Collections.Generic.List`1[[IntegrationService.Models.Booking, IntegrationService, Version=1.0.0.0, Culture=neutral, PublicKeyToken=null]]"'.
2026-06-03 16:41:16 [Information] Executed action "HotelBooking.API.Controllers.BookingController.GetBookings (HotelBooking.API)" in 39.434ms
2026-06-03 16:41:16 [Information] Executed endpoint '"HotelBooking.API.Controllers.BookingController.GetBookings (HotelBooking.API)"'
2026-06-03 16:41:16 [Information] Request finished "HTTP/1.1" "GET" "http"://"localhost:5071""""/api/Booking/bookings""" - 200 null "application/json; charset=utf-8" 46.5902ms
2026-06-03 16:41:27 [Information] Request starting "HTTP/1.1" "POST" "http"://"localhost:5071""""/api/Booking/book""" - "application/json" 127
2026-06-03 16:41:27 [Information] Executing endpoint '"HotelBooking.API.Controllers.BookingController.CreateBooking (HotelBooking.API)"'
2026-06-03 16:41:27 [Information] Route matched with "{action = \"CreateBooking\", controller = \"Booking\"}". Executing controller action with signature "System.Threading.Tasks.Task`1[Microsoft.AspNetCore.Mvc.IActionResult] CreateBooking(HotelBooking.API.Controllers.CreateBookingRequest)" on controller "HotelBooking.API.Controllers.BookingController" ("HotelBooking.API").
2026-06-03 16:41:27 [Information] ========== НАЧАЛО СКВОЗНОГО СЦЕНАРИЯ ==========
2026-06-03 16:41:27 [Information] Executed DbCommand ("2"ms) [Parameters=["@__roomId_0='?' (Size = 5)"], CommandType='Text', CommandTimeout='30']"
""SELECT \"r\".\"Id\", \"r\".\"Capacity\", \"r\".\"HotelId\", \"r\".\"IsAvailable\", \"r\".\"PricePerNight\", \"r\".\"RoomId\", \"r\".\"Type\"
FROM \"Rooms\" AS \"r\"
WHERE \"r\".\"RoomId\" = @__roomId_0
LIMIT 1"
2026-06-03 16:41:27 [Information] Executed DbCommand ("1"ms) [Parameters=["@p0='?' (Size = 36), @p1='?' (DbType = DateTime), @p2='?' (DbType = DateTime), @p3='?' (DbType = DateTime), @p4='?' (Size = 17), @p5='?' (Size = 7), @p6='?' (Size = 5), @p7='?' (Size = 7), @p8='?' (DbType = Decimal)"], CommandType='Text', CommandTimeout='30']"
""INSERT INTO \"Bookings\" (\"BookingId\", \"CheckIn\", \"CheckOut\", \"CreatedAt\", \"GuestEmail\", \"GuestName\", \"RoomId\", \"Status\", \"TotalAmount\")
VALUES (@p0, @p1, @p2, @p3, @p4, @p5, @p6, @p7, @p8)
RETURNING \"Id\";"
2026-06-03 16:41:27 [Information] Executed DbCommand ("0"ms) [Parameters=["@p1='?' (DbType = Int32), @p0='?' (Size = 9)"], CommandType='Text', CommandTimeout='30']"
""UPDATE \"Bookings\" SET \"Status\" = @p0
WHERE \"Id\" = @p1
RETURNING 1;"
2026-06-03 16:41:27 [Information] Executed DbCommand ("0"ms) [Parameters=["@p0='?' (DbType = Decimal), @p1='?' (Size = 36), @p2='?' (DbType = DateTime), @p3='?' (Size = 36), @p4='?' (Size = 7)"], CommandType='Text', CommandTimeout='30']"
""INSERT INTO \"Payments\" (\"Amount\", \"BookingId\", \"PaymentDate\", \"PaymentId\", \"Status\")
VALUES (@p0, @p1, @p2, @p3, @p4)
RETURNING \"Id\";"
2026-06-03 16:41:27 [Information] ========== СЦЕНАРИЙ ЗАВЕРШЕН ==========
2026-06-03 16:41:27 [Information] Executed DbCommand ("0"ms) [Parameters=["@__bookingId_0='?' (Size = 36)"], CommandType='Text', CommandTimeout='30']"
""SELECT \"b\".\"Id\", \"b\".\"BookingId\", \"b\".\"CheckIn\", \"b\".\"CheckOut\", \"b\".\"CreatedAt\", \"b\".\"GuestEmail\", \"b\".\"GuestName\", \"b\".\"RoomId\", \"b\".\"Status\", \"b\".\"TotalAmount\"
FROM \"Bookings\" AS \"b\"
WHERE \"b\".\"BookingId\" = @__bookingId_0
LIMIT 1"
2026-06-03 16:41:27 [Information] Executing "OkObjectResult", writing value of type '"<>f__AnonymousType0`3[[System.Boolean, System.Private.CoreLib, Version=8.0.0.0, Culture=neutral, PublicKeyToken=7cec85d7bea7798e],[System.String, System.Private.CoreLib, Version=8.0.0.0, Culture=neutral, PublicKeyToken=7cec85d7bea7798e],[System.Nullable`1[[System.Decimal, System.Private.CoreLib, Version=8.0.0.0, Culture=neutral, PublicKeyToken=7cec85d7bea7798e]], System.Private.CoreLib, Version=8.0.0.0, Culture=neutral, PublicKeyToken=7cec85d7bea7798e]]"'.
2026-06-03 16:41:27 [Information] Executed action "HotelBooking.API.Controllers.BookingController.CreateBooking (HotelBooking.API)" in 167.9735ms
2026-06-03 16:41:27 [Information] Executed endpoint '"HotelBooking.API.Controllers.BookingController.CreateBooking (HotelBooking.API)"'
2026-06-03 16:41:27 [Information] Request finished "HTTP/1.1" "POST" "http"://"localhost:5071""""/api/Booking/book""" - 200 null "application/json; charset=utf-8" 178.2896ms
2026-06-03 16:41:28 [Information] Request starting "HTTP/1.1" "GET" "http"://"localhost:5071""""/api/Booking/bookings""" - null null
2026-06-03 16:41:28 [Information] Executing endpoint '"HotelBooking.API.Controllers.BookingController.GetBookings (HotelBooking.API)"'
2026-06-03 16:41:28 [Information] Route matched with "{action = \"GetBookings\", controller = \"Booking\"}". Executing controller action with signature "System.Threading.Tasks.Task`1[Microsoft.AspNetCore.Mvc.IActionResult] GetBookings()" on controller "HotelBooking.API.Controllers.BookingController" ("HotelBooking.API").
2026-06-03 16:41:28 [Information] Executed DbCommand ("0"ms) [Parameters=[""], CommandType='Text', CommandTimeout='30']"
""SELECT \"b\".\"Id\", \"b\".\"BookingId\", \"b\".\"CheckIn\", \"b\".\"CheckOut\", \"b\".\"CreatedAt\", \"b\".\"GuestEmail\", \"b\".\"GuestName\", \"b\".\"RoomId\", \"b\".\"Status\", \"b\".\"TotalAmount\"
FROM \"Bookings\" AS \"b\""
2026-06-03 16:41:28 [Information] Executing "OkObjectResult", writing value of type '"System.Collections.Generic.List`1[[IntegrationService.Models.Booking, IntegrationService, Version=1.0.0.0, Culture=neutral, PublicKeyToken=null]]"'.
2026-06-03 16:41:28 [Information] Executed action "HotelBooking.API.Controllers.BookingController.GetBookings (HotelBooking.API)" in 2.8754ms
2026-06-03 16:41:28 [Information] Executed endpoint '"HotelBooking.API.Controllers.BookingController.GetBookings (HotelBooking.API)"'
2026-06-03 16:41:28 [Information] Request finished "HTTP/1.1" "GET" "http"://"localhost:5071""""/api/Booking/bookings""" - 200 null "application/json; charset=utf-8" 7.0139ms
2026-06-03 16:41:28 [Information] Request starting "HTTP/1.1" "GET" "http"://"localhost:5071""""/api/Booking/bookings""" - null null
2026-06-03 16:41:28 [Information] Executing endpoint '"HotelBooking.API.Controllers.BookingController.GetBookings (HotelBooking.API)"'
2026-06-03 16:41:28 [Information] Route matched with "{action = \"GetBookings\", controller = \"Booking\"}". Executing controller action with signature "System.Threading.Tasks.Task`1[Microsoft.AspNetCore.Mvc.IActionResult] GetBookings()" on controller "HotelBooking.API.Controllers.BookingController" ("HotelBooking.API").
2026-06-03 16:41:28 [Information] Executed DbCommand ("0"ms) [Parameters=[""], CommandType='Text', CommandTimeout='30']"
""SELECT \"b\".\"Id\", \"b\".\"BookingId\", \"b\".\"CheckIn\", \"b\".\"CheckOut\", \"b\".\"CreatedAt\", \"b\".\"GuestEmail\", \"b\".\"GuestName\", \"b\".\"RoomId\", \"b\".\"Status\", \"b\".\"TotalAmount\"
FROM \"Bookings\" AS \"b\""
2026-06-03 16:41:28 [Information] Executing "OkObjectResult", writing value of type '"System.Collections.Generic.List`1[[IntegrationService.Models.Booking, IntegrationService, Version=1.0.0.0, Culture=neutral, PublicKeyToken=null]]"'.
2026-06-03 16:41:28 [Information] Executed action "HotelBooking.API.Controllers.BookingController.GetBookings (HotelBooking.API)" in 2.6578ms
2026-06-03 16:41:28 [Information] Executed endpoint '"HotelBooking.API.Controllers.BookingController.GetBookings (HotelBooking.API)"'
2026-06-03 16:41:28 [Information] Request finished "HTTP/1.1" "GET" "http"://"localhost:5071""""/api/Booking/bookings""" - 200 null "application/json; charset=utf-8" 6.9586ms
2026-06-03 16:44:46 [Information] Application is shutting down...
2026-06-03 16:45:32 [Information] Executed DbCommand ("5"ms) [Parameters=[""], CommandType='Text', CommandTimeout='30']"
""SELECT COUNT(*) FROM \"sqlite_master\" WHERE \"type\" = 'table' AND \"rootpage\" IS NOT NULL;"
2026-06-03 16:45:32 [Information] Now listening on: "http://localhost:5071"
2026-06-03 16:45:32 [Information] Application started. Press Ctrl+C to shut down.
2026-06-03 16:45:32 [Information] Hosting environment: "Development"
2026-06-03 16:45:32 [Information] Content root path: "C:\Users\fahre\hotel-booking-integration\HotelBooking.API"
2026-06-03 16:45:34 [Information] Request starting "HTTP/1.1" "GET" "http"://"localhost:5071""""/""" - null null
2026-06-03 16:45:34 [Information] The file "/index.html" was not modified
2026-06-03 16:45:34 [Information] Request finished "HTTP/1.1" "GET" "http"://"localhost:5071""""/index.html""" - 304 null "text/html" 27.164ms
2026-06-03 16:45:34 [Information] Request starting "HTTP/1.1" "GET" "http"://"localhost:5071""""/api/Booking/bookings""" - null null
2026-06-03 16:45:34 [Information] Request starting "HTTP/1.1" "GET" "http"://"localhost:5071""""/api/Booking/rooms""" - null null
2026-06-03 16:45:34 [Warning] Failed to determine the https port for redirect.
2026-06-03 16:45:34 [Information] Executing endpoint '"HotelBooking.API.Controllers.BookingController.GetRooms (HotelBooking.API)"'
2026-06-03 16:45:34 [Information] Executing endpoint '"HotelBooking.API.Controllers.BookingController.GetBookings (HotelBooking.API)"'
2026-06-03 16:45:34 [Information] Route matched with "{action = \"GetBookings\", controller = \"Booking\"}". Executing controller action with signature "System.Threading.Tasks.Task`1[Microsoft.AspNetCore.Mvc.IActionResult] GetBookings()" on controller "HotelBooking.API.Controllers.BookingController" ("HotelBooking.API").
2026-06-03 16:45:34 [Information] Route matched with "{action = \"GetRooms\", controller = \"Booking\"}". Executing controller action with signature "System.Threading.Tasks.Task`1[Microsoft.AspNetCore.Mvc.IActionResult] GetRooms()" on controller "HotelBooking.API.Controllers.BookingController" ("HotelBooking.API").
2026-06-03 16:45:34 [Information] 📋 Запрос списка номеров
2026-06-03 16:45:34 [Information] 📋 Запрос списка бронирований
2026-06-03 16:45:34 [Information] Executed DbCommand ("1"ms) [Parameters=[""], CommandType='Text', CommandTimeout='30']"
""SELECT \"b\".\"Id\", \"b\".\"BookingId\", \"b\".\"CheckIn\", \"b\".\"CheckOut\", \"b\".\"CreatedAt\", \"b\".\"GuestEmail\", \"b\".\"GuestName\", \"b\".\"RoomId\", \"b\".\"Status\", \"b\".\"TotalAmount\"
FROM \"Bookings\" AS \"b\""
2026-06-03 16:45:34 [Information] Executed DbCommand ("1"ms) [Parameters=[""], CommandType='Text', CommandTimeout='30']"
""SELECT \"r\".\"Id\", \"r\".\"Capacity\", \"r\".\"HotelId\", \"r\".\"IsAvailable\", \"r\".\"PricePerNight\", \"r\".\"RoomId\", \"r\".\"Type\"
FROM \"Rooms\" AS \"r\""
2026-06-03 16:45:34 [Information] ✅ Успешно загружено 17 бронирований
2026-06-03 16:45:34 [Information] ✅ Успешно загружено 1 номеров
2026-06-03 16:45:34 [Information] Executing "OkObjectResult", writing value of type '"System.Collections.Generic.List`1[[IntegrationService.Models.Booking, IntegrationService, Version=1.0.0.0, Culture=neutral, PublicKeyToken=null]]"'.
2026-06-03 16:45:34 [Information] Executing "OkObjectResult", writing value of type '"System.Collections.Generic.List`1[[IntegrationService.Models.Room, IntegrationService, Version=1.0.0.0, Culture=neutral, PublicKeyToken=null]]"'.
2026-06-03 16:45:34 [Information] Request starting "HTTP/1.1" "GET" "http"://"localhost:5071""""/api/Booking/bookings""" - null null
2026-06-03 16:45:34 [Information] Executed action "HotelBooking.API.Controllers.BookingController.GetBookings (HotelBooking.API)" in 178.1527ms
2026-06-03 16:45:34 [Information] Executed action "HotelBooking.API.Controllers.BookingController.GetRooms (HotelBooking.API)" in 177.1338ms
2026-06-03 16:45:34 [Information] Executed endpoint '"HotelBooking.API.Controllers.BookingController.GetBookings (HotelBooking.API)"'
2026-06-03 16:45:34 [Information] Executed endpoint '"HotelBooking.API.Controllers.BookingController.GetRooms (HotelBooking.API)"'
2026-06-03 16:45:34 [Information] Executing endpoint '"HotelBooking.API.Controllers.BookingController.GetBookings (HotelBooking.API)"'
2026-06-03 16:45:34 [Information] Route matched with "{action = \"GetBookings\", controller = \"Booking\"}". Executing controller action with signature "System.Threading.Tasks.Task`1[Microsoft.AspNetCore.Mvc.IActionResult] GetBookings()" on controller "HotelBooking.API.Controllers.BookingController" ("HotelBooking.API").
2026-06-03 16:45:34 [Information] Request finished "HTTP/1.1" "GET" "http"://"localhost:5071""""/api/Booking/bookings""" - 200 null "application/json; charset=utf-8" 209.3567ms
2026-06-03 16:45:34 [Information] Request finished "HTTP/1.1" "GET" "http"://"localhost:5071""""/api/Booking/rooms""" - 200 null "application/json; charset=utf-8" 209.3567ms
2026-06-03 16:45:34 [Information] 📋 Запрос списка бронирований
2026-06-03 16:45:34 [Information] Executed DbCommand ("0"ms) [Parameters=[""], CommandType='Text', CommandTimeout='30']"
""SELECT \"b\".\"Id\", \"b\".\"BookingId\", \"b\".\"CheckIn\", \"b\".\"CheckOut\", \"b\".\"CreatedAt\", \"b\".\"GuestEmail\", \"b\".\"GuestName\", \"b\".\"RoomId\", \"b\".\"Status\", \"b\".\"TotalAmount\"
FROM \"Bookings\" AS \"b\""
2026-06-03 16:45:34 [Information] ✅ Успешно загружено 17 бронирований
2026-06-03 16:45:34 [Information] Executing "OkObjectResult", writing value of type '"System.Collections.Generic.List`1[[IntegrationService.Models.Booking, IntegrationService, Version=1.0.0.0, Culture=neutral, PublicKeyToken=null]]"'.
2026-06-03 16:45:34 [Information] Executed action "HotelBooking.API.Controllers.BookingController.GetBookings (HotelBooking.API)" in 42.6076ms
2026-06-03 16:45:34 [Information] Executed endpoint '"HotelBooking.API.Controllers.BookingController.GetBookings (HotelBooking.API)"'
2026-06-03 16:45:34 [Information] Request finished "HTTP/1.1" "GET" "http"://"localhost:5071""""/api/Booking/bookings""" - 200 null "application/json; charset=utf-8" 49.6514ms
2026-06-03 16:45:45 [Information] Request starting "HTTP/1.1" "POST" "http"://"localhost:5071""""/api/Booking/book""" - "application/json" 133
2026-06-03 16:45:45 [Information] Executing endpoint '"HotelBooking.API.Controllers.BookingController.CreateBooking (HotelBooking.API)"'
2026-06-03 16:45:45 [Information] Route matched with "{action = \"CreateBooking\", controller = \"Booking\"}". Executing controller action with signature "System.Threading.Tasks.Task`1[Microsoft.AspNetCore.Mvc.IActionResult] CreateBooking(HotelBooking.API.Controllers.CreateBookingRequest)" on controller "HotelBooking.API.Controllers.BookingController" ("HotelBooking.API").
2026-06-03 16:45:45 [Information] 📝 ЗАПРОС НА БРОНИРОВАНИЕ: RoomId="r_101", Guest="леон Петров", Email="leon@example.com", Dates=06/10/2026 00:00:00→06/15/2026 00:00:00
2026-06-03 16:45:45 [Information] 🔄 Выполнение бронирования через Saga...
2026-06-03 16:45:45 [Information] ========== НАЧАЛО СКВОЗНОГО СЦЕНАРИЯ ==========
2026-06-03 16:45:45 [Information] 1️⃣ Гость выбирает номер: "r_101"
2026-06-03 16:45:45 [Information] 2️⃣ Проверка доступности номера...
2026-06-03 16:45:45 [Information] Executed DbCommand ("2"ms) [Parameters=["@__roomId_0='?' (Size = 5)"], CommandType='Text', CommandTimeout='30']"
""SELECT \"r\".\"Id\", \"r\".\"Capacity\", \"r\".\"HotelId\", \"r\".\"IsAvailable\", \"r\".\"PricePerNight\", \"r\".\"RoomId\", \"r\".\"Type\"
FROM \"Rooms\" AS \"r\"
WHERE \"r\".\"RoomId\" = @__roomId_0
LIMIT 1"
2026-06-03 16:45:45 [Information]    ✅ Номер доступен
2026-06-03 16:45:45 [Information] 3️⃣ Создание бронирования...
2026-06-03 16:45:45 [Information] Executed DbCommand ("1"ms) [Parameters=["@p0='?' (Size = 36), @p1='?' (DbType = DateTime), @p2='?' (DbType = DateTime), @p3='?' (DbType = DateTime), @p4='?' (Size = 16), @p5='?' (Size = 11), @p6='?' (Size = 5), @p7='?' (Size = 7), @p8='?' (DbType = Decimal)"], CommandType='Text', CommandTimeout='30']"
""INSERT INTO \"Bookings\" (\"BookingId\", \"CheckIn\", \"CheckOut\", \"CreatedAt\", \"GuestEmail\", \"GuestName\", \"RoomId\", \"Status\", \"TotalAmount\")
VALUES (@p0, @p1, @p2, @p3, @p4, @p5, @p6, @p7, @p8)
RETURNING \"Id\";"
2026-06-03 16:45:45 [Information]    ✅ Бронирование создано: BookingId="722c6394-e9fc-48a7-ab59-5d1da04e13aa", Сумма=40000.0 руб
2026-06-03 16:45:45 [Information] 4️⃣ Обработка оплаты...
2026-06-03 16:45:45 [Information] Executed DbCommand ("0"ms) [Parameters=["@p1='?' (DbType = Int32), @p0='?' (Size = 9)"], CommandType='Text', CommandTimeout='30']"
""UPDATE \"Bookings\" SET \"Status\" = @p0
WHERE \"Id\" = @p1
RETURNING 1;"
2026-06-03 16:45:45 [Information] Executed DbCommand ("0"ms) [Parameters=["@p0='?' (DbType = Decimal), @p1='?' (Size = 36), @p2='?' (DbType = DateTime), @p3='?' (Size = 36), @p4='?' (Size = 7)"], CommandType='Text', CommandTimeout='30']"
""INSERT INTO \"Payments\" (\"Amount\", \"BookingId\", \"PaymentDate\", \"PaymentId\", \"Status\")
VALUES (@p0, @p1, @p2, @p3, @p4)
RETURNING \"Id\";"
2026-06-03 16:45:45 [Information]    ✅ Оплата проведена: PaymentId="45dbd92f-957d-4688-a3f9-93a1092598b9", Статус="SUCCESS"
2026-06-03 16:45:45 [Information] 5️⃣ Подтверждение бронирования...
2026-06-03 16:45:45 [Information]    ✅ Бронирование ПОДТВЕРЖДЕНО!
2026-06-03 16:45:45 [Information] ========== СКВОЗНОЙ СЦЕНАРИЙ ЗАВЕРШЕН УСПЕШНО ==========
2026-06-03 16:45:45 [Information] Executed DbCommand ("0"ms) [Parameters=["@__bookingId_0='?' (Size = 36)"], CommandType='Text', CommandTimeout='30']"
""SELECT \"b\".\"Id\", \"b\".\"BookingId\", \"b\".\"CheckIn\", \"b\".\"CheckOut\", \"b\".\"CreatedAt\", \"b\".\"GuestEmail\", \"b\".\"GuestName\", \"b\".\"RoomId\", \"b\".\"Status\", \"b\".\"TotalAmount\"
FROM \"Bookings\" AS \"b\"
WHERE \"b\".\"BookingId\" = @__bookingId_0
LIMIT 1"
2026-06-03 16:45:45 [Information] ✅ БРОНИРОВАНИЕ УСПЕШНО ЗАВЕРШЕНО! BookingId="722c6394-e9fc-48a7-ab59-5d1da04e13aa", TotalAmount=40000.0 руб
2026-06-03 16:45:45 [Information] Executing "OkObjectResult", writing value of type '"<>f__AnonymousType0`3[[System.Boolean, System.Private.CoreLib, Version=8.0.0.0, Culture=neutral, PublicKeyToken=7cec85d7bea7798e],[System.String, System.Private.CoreLib, Version=8.0.0.0, Culture=neutral, PublicKeyToken=7cec85d7bea7798e],[System.Nullable`1[[System.Decimal, System.Private.CoreLib, Version=8.0.0.0, Culture=neutral, PublicKeyToken=7cec85d7bea7798e]], System.Private.CoreLib, Version=8.0.0.0, Culture=neutral, PublicKeyToken=7cec85d7bea7798e]]"'.
2026-06-03 16:45:45 [Information] Executed action "HotelBooking.API.Controllers.BookingController.CreateBooking (HotelBooking.API)" in 188.0998ms
2026-06-03 16:45:45 [Information] Executed endpoint '"HotelBooking.API.Controllers.BookingController.CreateBooking (HotelBooking.API)"'
2026-06-03 16:45:45 [Information] Request finished "HTTP/1.1" "POST" "http"://"localhost:5071""""/api/Booking/book""" - 200 null "application/json; charset=utf-8" 199.4188ms
2026-06-03 16:45:46 [Information] Request starting "HTTP/1.1" "GET" "http"://"localhost:5071""""/api/Booking/bookings""" - null null
2026-06-03 16:45:46 [Information] Executing endpoint '"HotelBooking.API.Controllers.BookingController.GetBookings (HotelBooking.API)"'
2026-06-03 16:45:46 [Information] Route matched with "{action = \"GetBookings\", controller = \"Booking\"}". Executing controller action with signature "System.Threading.Tasks.Task`1[Microsoft.AspNetCore.Mvc.IActionResult] GetBookings()" on controller "HotelBooking.API.Controllers.BookingController" ("HotelBooking.API").
2026-06-03 16:45:46 [Information] 📋 Запрос списка бронирований
2026-06-03 16:45:46 [Information] Executed DbCommand ("0"ms) [Parameters=[""], CommandType='Text', CommandTimeout='30']"
""SELECT \"b\".\"Id\", \"b\".\"BookingId\", \"b\".\"CheckIn\", \"b\".\"CheckOut\", \"b\".\"CreatedAt\", \"b\".\"GuestEmail\", \"b\".\"GuestName\", \"b\".\"RoomId\", \"b\".\"Status\", \"b\".\"TotalAmount\"
FROM \"Bookings\" AS \"b\""
2026-06-03 16:45:46 [Information] ✅ Успешно загружено 18 бронирований
2026-06-03 16:45:46 [Information] Executing "OkObjectResult", writing value of type '"System.Collections.Generic.List`1[[IntegrationService.Models.Booking, IntegrationService, Version=1.0.0.0, Culture=neutral, PublicKeyToken=null]]"'.
2026-06-03 16:45:46 [Information] Executed action "HotelBooking.API.Controllers.BookingController.GetBookings (HotelBooking.API)" in 3.7243ms
2026-06-03 16:45:46 [Information] Executed endpoint '"HotelBooking.API.Controllers.BookingController.GetBookings (HotelBooking.API)"'
2026-06-03 16:45:46 [Information] Request finished "HTTP/1.1" "GET" "http"://"localhost:5071""""/api/Booking/bookings""" - 200 null "application/json; charset=utf-8" 8.0813ms
2026-06-03 16:45:46 [Information] Request starting "HTTP/1.1" "GET" "http"://"localhost:5071""""/api/Booking/bookings""" - null null
2026-06-03 16:45:46 [Information] Executing endpoint '"HotelBooking.API.Controllers.BookingController.GetBookings (HotelBooking.API)"'
2026-06-03 16:45:46 [Information] Route matched with "{action = \"GetBookings\", controller = \"Booking\"}". Executing controller action with signature "System.Threading.Tasks.Task`1[Microsoft.AspNetCore.Mvc.IActionResult] GetBookings()" on controller "HotelBooking.API.Controllers.BookingController" ("HotelBooking.API").
2026-06-03 16:45:46 [Information] 📋 Запрос списка бронирований
2026-06-03 16:45:46 [Information] Executed DbCommand ("0"ms) [Parameters=[""], CommandType='Text', CommandTimeout='30']"
""SELECT \"b\".\"Id\", \"b\".\"BookingId\", \"b\".\"CheckIn\", \"b\".\"CheckOut\", \"b\".\"CreatedAt\", \"b\".\"GuestEmail\", \"b\".\"GuestName\", \"b\".\"RoomId\", \"b\".\"Status\", \"b\".\"TotalAmount\"
FROM \"Bookings\" AS \"b\""
2026-06-03 16:45:46 [Information] ✅ Успешно загружено 18 бронирований
2026-06-03 16:45:46 [Information] Executing "OkObjectResult", writing value of type '"System.Collections.Generic.List`1[[IntegrationService.Models.Booking, IntegrationService, Version=1.0.0.0, Culture=neutral, PublicKeyToken=null]]"'.
2026-06-03 16:45:46 [Information] Executed action "HotelBooking.API.Controllers.BookingController.GetBookings (HotelBooking.API)" in 3.6623ms
2026-06-03 16:45:46 [Information] Executed endpoint '"HotelBooking.API.Controllers.BookingController.GetBookings (HotelBooking.API)"'
2026-06-03 16:45:46 [Information] Request finished "HTTP/1.1" "GET" "http"://"localhost:5071""""/api/Booking/bookings""" - 200 null "application/json; charset=utf-8" 7.5241ms
2026-06-03 16:49:35 [Information] Request starting "HTTP/1.1" "GET" "http"://"localhost:5071""""/swagger/index.html""" - null null
2026-06-03 16:49:35 [Information] Request finished "HTTP/1.1" "GET" "http"://"localhost:5071""""/swagger/index.html""" - 200 null "text/html;charset=utf-8" 30.0805ms
2026-06-03 16:49:35 [Information] Request starting "HTTP/1.1" "GET" "http"://"localhost:5071""""/swagger/v1/swagger.json""" - null null
2026-06-03 16:49:36 [Information] Request finished "HTTP/1.1" "GET" "http"://"localhost:5071""""/swagger/v1/swagger.json""" - 200 null "application/json;charset=utf-8" 42.913ms
2026-06-03 16:49:54 [Information] Request starting "HTTP/1.1" "POST" "http"://"localhost:5071""""/api/Booking/book""" - "application/json" 138
2026-06-03 16:49:54 [Information] Executing endpoint '"HotelBooking.API.Controllers.BookingController.CreateBooking (HotelBooking.API)"'
2026-06-03 16:49:54 [Information] Route matched with "{action = \"CreateBooking\", controller = \"Booking\"}". Executing controller action with signature "System.Threading.Tasks.Task`1[Microsoft.AspNetCore.Mvc.IActionResult] CreateBooking(HotelBooking.API.Controllers.CreateBookingRequest)" on controller "HotelBooking.API.Controllers.BookingController" ("HotelBooking.API").
2026-06-03 16:49:54 [Information] 📝 ЗАПРОС НА БРОНИРОВАНИЕ: RoomId="r_999", Guest="Тест", Email="test@test.com", Dates=06/10/2026 00:00:00→06/15/2026 00:00:00
2026-06-03 16:49:54 [Information] 🔄 Выполнение бронирования через Saga...
2026-06-03 16:49:54 [Information] ========== НАЧАЛО СКВОЗНОГО СЦЕНАРИЯ ==========
2026-06-03 16:49:54 [Information] 1️⃣ Гость выбирает номер: "r_999"
2026-06-03 16:49:54 [Information] 2️⃣ Проверка доступности номера...
2026-06-03 16:49:54 [Information] Executed DbCommand ("0"ms) [Parameters=["@__roomId_0='?' (Size = 5)"], CommandType='Text', CommandTimeout='30']"
""SELECT \"r\".\"Id\", \"r\".\"Capacity\", \"r\".\"HotelId\", \"r\".\"IsAvailable\", \"r\".\"PricePerNight\", \"r\".\"RoomId\", \"r\".\"Type\"
FROM \"Rooms\" AS \"r\"
WHERE \"r\".\"RoomId\" = @__roomId_0
LIMIT 1"
2026-06-03 16:49:54 [Error] ❌ Номер "r_999" недоступен для бронирования
2026-06-03 16:49:54 [Warning] ⚠️ Retry 1 после ошибки. Следующая попытка через 2 сек
System.Exception: Номер недоступен
   at IntegrationService.Saga.BookingSaga.ExecuteBookingFlow(String roomId, String guestName, String guestEmail, DateTime checkIn, DateTime checkOut) in C:\Users\fahre\hotel-booking-integration\IntegrationService\Saga\BookingSaga.cs:line 38
   at HotelBooking.API.Controllers.BookingController.<>c__DisplayClass8_0.<<CreateBooking>b__0>d.MoveNext() in C:\Users\fahre\hotel-booking-integration\HotelBooking.API\Controllers\BookingController.cs:line 84
--- End of stack trace from previous location ---
   at Polly.Retry.AsyncRetryEngine.ImplementationAsync[TResult](Func`3 action, Context context, ExceptionPredicates shouldRetryExceptionPredicates, ResultPredicates`1 shouldRetryResultPredicates, Func`5 onRetryAsync, CancellationToken cancellationToken, Int32 permittedRetryCount, IEnumerable`1 sleepDurationsEnumerable, Func`4 sleepDurationProvider, Boolean continueOnCapturedContext)
2026-06-03 16:49:56 [Information] 🔄 Выполнение бронирования через Saga...
2026-06-03 16:49:56 [Information] ========== НАЧАЛО СКВОЗНОГО СЦЕНАРИЯ ==========
2026-06-03 16:49:56 [Information] 1️⃣ Гость выбирает номер: "r_999"
2026-06-03 16:49:56 [Information] 2️⃣ Проверка доступности номера...
2026-06-03 16:49:56 [Information] Executed DbCommand ("0"ms) [Parameters=["@__roomId_0='?' (Size = 5)"], CommandType='Text', CommandTimeout='30']"
""SELECT \"r\".\"Id\", \"r\".\"Capacity\", \"r\".\"HotelId\", \"r\".\"IsAvailable\", \"r\".\"PricePerNight\", \"r\".\"RoomId\", \"r\".\"Type\"
FROM \"Rooms\" AS \"r\"
WHERE \"r\".\"RoomId\" = @__roomId_0
LIMIT 1"
2026-06-03 16:49:56 [Error] ❌ Номер "r_999" недоступен для бронирования
2026-06-03 16:49:56 [Warning] ⚠️ Retry 2 после ошибки. Следующая попытка через 4 сек
System.Exception: Номер недоступен
   at IntegrationService.Saga.BookingSaga.ExecuteBookingFlow(String roomId, String guestName, String guestEmail, DateTime checkIn, DateTime checkOut) in C:\Users\fahre\hotel-booking-integration\IntegrationService\Saga\BookingSaga.cs:line 38
   at HotelBooking.API.Controllers.BookingController.<>c__DisplayClass8_0.<<CreateBooking>b__0>d.MoveNext() in C:\Users\fahre\hotel-booking-integration\HotelBooking.API\Controllers\BookingController.cs:line 84
--- End of stack trace from previous location ---
   at Polly.Retry.AsyncRetryEngine.ImplementationAsync[TResult](Func`3 action, Context context, ExceptionPredicates shouldRetryExceptionPredicates, ResultPredicates`1 shouldRetryResultPredicates, Func`5 onRetryAsync, CancellationToken cancellationToken, Int32 permittedRetryCount, IEnumerable`1 sleepDurationsEnumerable, Func`4 sleepDurationProvider, Boolean continueOnCapturedContext)
2026-06-03 16:50:00 [Information] 🔄 Выполнение бронирования через Saga...
2026-06-03 16:50:00 [Information] ========== НАЧАЛО СКВОЗНОГО СЦЕНАРИЯ ==========
2026-06-03 16:50:00 [Information] 1️⃣ Гость выбирает номер: "r_999"
2026-06-03 16:50:00 [Information] 2️⃣ Проверка доступности номера...
2026-06-03 16:50:00 [Information] Executed DbCommand ("0"ms) [Parameters=["@__roomId_0='?' (Size = 5)"], CommandType='Text', CommandTimeout='30']"
""SELECT \"r\".\"Id\", \"r\".\"Capacity\", \"r\".\"HotelId\", \"r\".\"IsAvailable\", \"r\".\"PricePerNight\", \"r\".\"RoomId\", \"r\".\"Type\"
FROM \"Rooms\" AS \"r\"
WHERE \"r\".\"RoomId\" = @__roomId_0
LIMIT 1"
2026-06-03 16:50:00 [Error] ❌ Номер "r_999" недоступен для бронирования
2026-06-03 16:50:00 [Warning] ⚠️ Retry 3 после ошибки. Следующая попытка через 8 сек
System.Exception: Номер недоступен
   at IntegrationService.Saga.BookingSaga.ExecuteBookingFlow(String roomId, String guestName, String guestEmail, DateTime checkIn, DateTime checkOut) in C:\Users\fahre\hotel-booking-integration\IntegrationService\Saga\BookingSaga.cs:line 38
   at HotelBooking.API.Controllers.BookingController.<>c__DisplayClass8_0.<<CreateBooking>b__0>d.MoveNext() in C:\Users\fahre\hotel-booking-integration\HotelBooking.API\Controllers\BookingController.cs:line 84
--- End of stack trace from previous location ---
   at Polly.Retry.AsyncRetryEngine.ImplementationAsync[TResult](Func`3 action, Context context, ExceptionPredicates shouldRetryExceptionPredicates, ResultPredicates`1 shouldRetryResultPredicates, Func`5 onRetryAsync, CancellationToken cancellationToken, Int32 permittedRetryCount, IEnumerable`1 sleepDurationsEnumerable, Func`4 sleepDurationProvider, Boolean continueOnCapturedContext)
2026-06-03 16:50:08 [Information] 🔄 Выполнение бронирования через Saga...
2026-06-03 16:50:08 [Information] ========== НАЧАЛО СКВОЗНОГО СЦЕНАРИЯ ==========
2026-06-03 16:50:08 [Information] 1️⃣ Гость выбирает номер: "r_999"
2026-06-03 16:50:08 [Information] 2️⃣ Проверка доступности номера...
2026-06-03 16:50:08 [Information] Executed DbCommand ("0"ms) [Parameters=["@__roomId_0='?' (Size = 5)"], CommandType='Text', CommandTimeout='30']"
""SELECT \"r\".\"Id\", \"r\".\"Capacity\", \"r\".\"HotelId\", \"r\".\"IsAvailable\", \"r\".\"PricePerNight\", \"r\".\"RoomId\", \"r\".\"Type\"
FROM \"Rooms\" AS \"r\"
WHERE \"r\".\"RoomId\" = @__roomId_0
LIMIT 1"
2026-06-03 16:50:08 [Error] ❌ Номер "r_999" недоступен для бронирования
2026-06-03 16:50:08 [Error] ❌ ОШИБКА ПРИ БРОНИРОВАНИИ для RoomId="r_999"
System.Exception: Номер недоступен
   at IntegrationService.Saga.BookingSaga.ExecuteBookingFlow(String roomId, String guestName, String guestEmail, DateTime checkIn, DateTime checkOut) in C:\Users\fahre\hotel-booking-integration\IntegrationService\Saga\BookingSaga.cs:line 38
   at HotelBooking.API.Controllers.BookingController.<>c__DisplayClass8_0.<<CreateBooking>b__0>d.MoveNext() in C:\Users\fahre\hotel-booking-integration\HotelBooking.API\Controllers\BookingController.cs:line 84
--- End of stack trace from previous location ---
   at Polly.Retry.AsyncRetryEngine.ImplementationAsync[TResult](Func`3 action, Context context, ExceptionPredicates shouldRetryExceptionPredicates, ResultPredicates`1 shouldRetryResultPredicates, Func`5 onRetryAsync, CancellationToken cancellationToken, Int32 permittedRetryCount, IEnumerable`1 sleepDurationsEnumerable, Func`4 sleepDurationProvider, Boolean continueOnCapturedContext)
   at Polly.AsyncPolicy.ExecuteInternalAsync[TResult](Func`3 action, Context context, Boolean continueOnCapturedContext, CancellationToken cancellationToken)
   at Polly.CircuitBreaker.AsyncCircuitBreakerPolicy.<>c__DisplayClass8_0`1.<<ImplementationAsync>b__0>d.MoveNext()
--- End of stack trace from previous location ---
   at Polly.CircuitBreaker.AsyncCircuitBreakerEngine.ImplementationAsync[TResult](Func`3 action, Context context, Boolean continueOnCapturedContext, ExceptionPredicates shouldHandleExceptionPredicates, ResultPredicates`1 shouldHandleResultPredicates, ICircuitController`1 breakerController, CancellationToken cancellationToken)
   at Polly.CircuitBreaker.AsyncCircuitBreakerPolicy.ImplementationAsync[TResult](Func`3 action, Context context, CancellationToken cancellationToken, Boolean continueOnCapturedContext)
   at Polly.AsyncPolicy.ExecuteInternalAsync[TResult](Func`3 action, Context context, Boolean continueOnCapturedContext, CancellationToken cancellationToken)
   at Polly.AsyncPolicy.ExecuteInternalAsync[TResult](Func`3 action, Context context, Boolean continueOnCapturedContext, CancellationToken cancellationToken)
   at HotelBooking.API.Controllers.BookingController.CreateBooking(CreateBookingRequest request) in C:\Users\fahre\hotel-booking-integration\HotelBooking.API\Controllers\BookingController.cs:line 80
2026-06-03 16:50:08 [Information] Executing "ObjectResult", writing value of type '"<>f__AnonymousType1`2[[System.Boolean, System.Private.CoreLib, Version=8.0.0.0, Culture=neutral, PublicKeyToken=7cec85d7bea7798e],[System.String, System.Private.CoreLib, Version=8.0.0.0, Culture=neutral, PublicKeyToken=7cec85d7bea7798e]]"'.
2026-06-03 16:50:08 [Information] Executed action "HotelBooking.API.Controllers.BookingController.CreateBooking (HotelBooking.API)" in 14060.9772ms
2026-06-03 16:50:08 [Information] Executed endpoint '"HotelBooking.API.Controllers.BookingController.CreateBooking (HotelBooking.API)"'
2026-06-03 16:50:08 [Information] Request finished "HTTP/1.1" "POST" "http"://"localhost:5071""""/api/Booking/book""" - 500 null "application/json; charset=utf-8" 14066.5232ms
2026-06-03 16:51:32 [Information] Request starting "HTTP/1.1" "POST" "http"://"localhost:5071""""/api/Booking/book""" - "application/json" 138
2026-06-03 16:51:32 [Information] Executing endpoint '"HotelBooking.API.Controllers.BookingController.CreateBooking (HotelBooking.API)"'
2026-06-03 16:51:32 [Information] Route matched with "{action = \"CreateBooking\", controller = \"Booking\"}". Executing controller action with signature "System.Threading.Tasks.Task`1[Microsoft.AspNetCore.Mvc.IActionResult] CreateBooking(HotelBooking.API.Controllers.CreateBookingRequest)" on controller "HotelBooking.API.Controllers.BookingController" ("HotelBooking.API").
2026-06-03 16:51:32 [Information] 📝 ЗАПРОС НА БРОНИРОВАНИЕ: RoomId="r_999", Guest="Тест", Email="test@test.com", Dates=06/10/2026 00:00:00→06/15/2026 00:00:00
2026-06-03 16:51:32 [Information] 🔄 Выполнение бронирования через Saga...
2026-06-03 16:51:32 [Information] ========== НАЧАЛО СКВОЗНОГО СЦЕНАРИЯ ==========
2026-06-03 16:51:32 [Information] 1️⃣ Гость выбирает номер: "r_999"
2026-06-03 16:51:32 [Information] 2️⃣ Проверка доступности номера...
2026-06-03 16:51:32 [Information] Executed DbCommand ("0"ms) [Parameters=["@__roomId_0='?' (Size = 5)"], CommandType='Text', CommandTimeout='30']"
""SELECT \"r\".\"Id\", \"r\".\"Capacity\", \"r\".\"HotelId\", \"r\".\"IsAvailable\", \"r\".\"PricePerNight\", \"r\".\"RoomId\", \"r\".\"Type\"
FROM \"Rooms\" AS \"r\"
WHERE \"r\".\"RoomId\" = @__roomId_0
LIMIT 1"
2026-06-03 16:51:32 [Error] ❌ Номер "r_999" недоступен для бронирования
2026-06-03 16:51:32 [Warning] ⚠️ Retry 1 после ошибки. Следующая попытка через 2 сек
System.Exception: Номер недоступен
   at IntegrationService.Saga.BookingSaga.ExecuteBookingFlow(String roomId, String guestName, String guestEmail, DateTime checkIn, DateTime checkOut) in C:\Users\fahre\hotel-booking-integration\IntegrationService\Saga\BookingSaga.cs:line 38
   at HotelBooking.API.Controllers.BookingController.<>c__DisplayClass8_0.<<CreateBooking>b__0>d.MoveNext() in C:\Users\fahre\hotel-booking-integration\HotelBooking.API\Controllers\BookingController.cs:line 84
--- End of stack trace from previous location ---
   at Polly.Retry.AsyncRetryEngine.ImplementationAsync[TResult](Func`3 action, Context context, ExceptionPredicates shouldRetryExceptionPredicates, ResultPredicates`1 shouldRetryResultPredicates, Func`5 onRetryAsync, CancellationToken cancellationToken, Int32 permittedRetryCount, IEnumerable`1 sleepDurationsEnumerable, Func`4 sleepDurationProvider, Boolean continueOnCapturedContext)
2026-06-03 16:51:34 [Information] 🔄 Выполнение бронирования через Saga...
2026-06-03 16:51:34 [Information] ========== НАЧАЛО СКВОЗНОГО СЦЕНАРИЯ ==========
2026-06-03 16:51:34 [Information] 1️⃣ Гость выбирает номер: "r_999"
2026-06-03 16:51:34 [Information] 2️⃣ Проверка доступности номера...
2026-06-03 16:51:34 [Information] Executed DbCommand ("0"ms) [Parameters=["@__roomId_0='?' (Size = 5)"], CommandType='Text', CommandTimeout='30']"
""SELECT \"r\".\"Id\", \"r\".\"Capacity\", \"r\".\"HotelId\", \"r\".\"IsAvailable\", \"r\".\"PricePerNight\", \"r\".\"RoomId\", \"r\".\"Type\"
FROM \"Rooms\" AS \"r\"
WHERE \"r\".\"RoomId\" = @__roomId_0
LIMIT 1"
2026-06-03 16:51:34 [Error] ❌ Номер "r_999" недоступен для бронирования
2026-06-03 16:51:34 [Warning] ⚠️ Retry 2 после ошибки. Следующая попытка через 4 сек
System.Exception: Номер недоступен
   at IntegrationService.Saga.BookingSaga.ExecuteBookingFlow(String roomId, String guestName, String guestEmail, DateTime checkIn, DateTime checkOut) in C:\Users\fahre\hotel-booking-integration\IntegrationService\Saga\BookingSaga.cs:line 38
   at HotelBooking.API.Controllers.BookingController.<>c__DisplayClass8_0.<<CreateBooking>b__0>d.MoveNext() in C:\Users\fahre\hotel-booking-integration\HotelBooking.API\Controllers\BookingController.cs:line 84
--- End of stack trace from previous location ---
   at Polly.Retry.AsyncRetryEngine.ImplementationAsync[TResult](Func`3 action, Context context, ExceptionPredicates shouldRetryExceptionPredicates, ResultPredicates`1 shouldRetryResultPredicates, Func`5 onRetryAsync, CancellationToken cancellationToken, Int32 permittedRetryCount, IEnumerable`1 sleepDurationsEnumerable, Func`4 sleepDurationProvider, Boolean continueOnCapturedContext)
2026-06-03 16:51:38 [Information] 🔄 Выполнение бронирования через Saga...
2026-06-03 16:51:38 [Information] ========== НАЧАЛО СКВОЗНОГО СЦЕНАРИЯ ==========
2026-06-03 16:51:38 [Information] 1️⃣ Гость выбирает номер: "r_999"
2026-06-03 16:51:38 [Information] 2️⃣ Проверка доступности номера...
2026-06-03 16:51:38 [Information] Executed DbCommand ("0"ms) [Parameters=["@__roomId_0='?' (Size = 5)"], CommandType='Text', CommandTimeout='30']"
""SELECT \"r\".\"Id\", \"r\".\"Capacity\", \"r\".\"HotelId\", \"r\".\"IsAvailable\", \"r\".\"PricePerNight\", \"r\".\"RoomId\", \"r\".\"Type\"
FROM \"Rooms\" AS \"r\"
WHERE \"r\".\"RoomId\" = @__roomId_0
LIMIT 1"
2026-06-03 16:51:38 [Error] ❌ Номер "r_999" недоступен для бронирования
2026-06-03 16:51:38 [Warning] ⚠️ Retry 3 после ошибки. Следующая попытка через 8 сек
System.Exception: Номер недоступен
   at IntegrationService.Saga.BookingSaga.ExecuteBookingFlow(String roomId, String guestName, String guestEmail, DateTime checkIn, DateTime checkOut) in C:\Users\fahre\hotel-booking-integration\IntegrationService\Saga\BookingSaga.cs:line 38
   at HotelBooking.API.Controllers.BookingController.<>c__DisplayClass8_0.<<CreateBooking>b__0>d.MoveNext() in C:\Users\fahre\hotel-booking-integration\HotelBooking.API\Controllers\BookingController.cs:line 84
--- End of stack trace from previous location ---
   at Polly.Retry.AsyncRetryEngine.ImplementationAsync[TResult](Func`3 action, Context context, ExceptionPredicates shouldRetryExceptionPredicates, ResultPredicates`1 shouldRetryResultPredicates, Func`5 onRetryAsync, CancellationToken cancellationToken, Int32 permittedRetryCount, IEnumerable`1 sleepDurationsEnumerable, Func`4 sleepDurationProvider, Boolean continueOnCapturedContext)
2026-06-03 16:51:46 [Information] 🔄 Выполнение бронирования через Saga...
2026-06-03 16:51:46 [Information] ========== НАЧАЛО СКВОЗНОГО СЦЕНАРИЯ ==========
2026-06-03 16:51:46 [Information] 1️⃣ Гость выбирает номер: "r_999"
2026-06-03 16:51:46 [Information] 2️⃣ Проверка доступности номера...
2026-06-03 16:51:46 [Information] Executed DbCommand ("0"ms) [Parameters=["@__roomId_0='?' (Size = 5)"], CommandType='Text', CommandTimeout='30']"
""SELECT \"r\".\"Id\", \"r\".\"Capacity\", \"r\".\"HotelId\", \"r\".\"IsAvailable\", \"r\".\"PricePerNight\", \"r\".\"RoomId\", \"r\".\"Type\"
FROM \"Rooms\" AS \"r\"
WHERE \"r\".\"RoomId\" = @__roomId_0
LIMIT 1"
2026-06-03 16:51:46 [Error] ❌ Номер "r_999" недоступен для бронирования
2026-06-03 16:51:46 [Error] ❌ ОШИБКА ПРИ БРОНИРОВАНИИ для RoomId="r_999"
System.Exception: Номер недоступен
   at IntegrationService.Saga.BookingSaga.ExecuteBookingFlow(String roomId, String guestName, String guestEmail, DateTime checkIn, DateTime checkOut) in C:\Users\fahre\hotel-booking-integration\IntegrationService\Saga\BookingSaga.cs:line 38
   at HotelBooking.API.Controllers.BookingController.<>c__DisplayClass8_0.<<CreateBooking>b__0>d.MoveNext() in C:\Users\fahre\hotel-booking-integration\HotelBooking.API\Controllers\BookingController.cs:line 84
--- End of stack trace from previous location ---
   at Polly.Retry.AsyncRetryEngine.ImplementationAsync[TResult](Func`3 action, Context context, ExceptionPredicates shouldRetryExceptionPredicates, ResultPredicates`1 shouldRetryResultPredicates, Func`5 onRetryAsync, CancellationToken cancellationToken, Int32 permittedRetryCount, IEnumerable`1 sleepDurationsEnumerable, Func`4 sleepDurationProvider, Boolean continueOnCapturedContext)
   at Polly.AsyncPolicy.ExecuteInternalAsync[TResult](Func`3 action, Context context, Boolean continueOnCapturedContext, CancellationToken cancellationToken)
   at Polly.CircuitBreaker.AsyncCircuitBreakerPolicy.<>c__DisplayClass8_0`1.<<ImplementationAsync>b__0>d.MoveNext()
--- End of stack trace from previous location ---
   at Polly.CircuitBreaker.AsyncCircuitBreakerEngine.ImplementationAsync[TResult](Func`3 action, Context context, Boolean continueOnCapturedContext, ExceptionPredicates shouldHandleExceptionPredicates, ResultPredicates`1 shouldHandleResultPredicates, ICircuitController`1 breakerController, CancellationToken cancellationToken)
   at Polly.CircuitBreaker.AsyncCircuitBreakerPolicy.ImplementationAsync[TResult](Func`3 action, Context context, CancellationToken cancellationToken, Boolean continueOnCapturedContext)
   at Polly.AsyncPolicy.ExecuteInternalAsync[TResult](Func`3 action, Context context, Boolean continueOnCapturedContext, CancellationToken cancellationToken)
   at Polly.AsyncPolicy.ExecuteInternalAsync[TResult](Func`3 action, Context context, Boolean continueOnCapturedContext, CancellationToken cancellationToken)
   at HotelBooking.API.Controllers.BookingController.CreateBooking(CreateBookingRequest request) in C:\Users\fahre\hotel-booking-integration\HotelBooking.API\Controllers\BookingController.cs:line 80
2026-06-03 16:51:46 [Information] Executing "ObjectResult", writing value of type '"<>f__AnonymousType1`2[[System.Boolean, System.Private.CoreLib, Version=8.0.0.0, Culture=neutral, PublicKeyToken=7cec85d7bea7798e],[System.String, System.Private.CoreLib, Version=8.0.0.0, Culture=neutral, PublicKeyToken=7cec85d7bea7798e]]"'.
2026-06-03 16:51:46 [Information] Executed action "HotelBooking.API.Controllers.BookingController.CreateBooking (HotelBooking.API)" in 14047.9342ms
2026-06-03 16:51:46 [Information] Executed endpoint '"HotelBooking.API.Controllers.BookingController.CreateBooking (HotelBooking.API)"'
2026-06-03 16:51:46 [Information] Request finished "HTTP/1.1" "POST" "http"://"localhost:5071""""/api/Booking/book""" - 500 null "application/json; charset=utf-8" 14052.0027ms
2026-06-03 16:52:28 [Information] Request starting "HTTP/1.1" "POST" "http"://"localhost:5071""""/api/Booking/book""" - "application/json" 138
2026-06-03 16:52:28 [Information] Executing endpoint '"HotelBooking.API.Controllers.BookingController.CreateBooking (HotelBooking.API)"'
2026-06-03 16:52:28 [Information] Route matched with "{action = \"CreateBooking\", controller = \"Booking\"}". Executing controller action with signature "System.Threading.Tasks.Task`1[Microsoft.AspNetCore.Mvc.IActionResult] CreateBooking(HotelBooking.API.Controllers.CreateBookingRequest)" on controller "HotelBooking.API.Controllers.BookingController" ("HotelBooking.API").
2026-06-03 16:52:28 [Information] 📝 ЗАПРОС НА БРОНИРОВАНИЕ: RoomId="r_999", Guest="Тест", Email="test@test.com", Dates=06/10/2026 00:00:00→06/15/2026 00:00:00
2026-06-03 16:52:28 [Information] 🔄 Выполнение бронирования через Saga...
2026-06-03 16:52:28 [Information] ========== НАЧАЛО СКВОЗНОГО СЦЕНАРИЯ ==========
2026-06-03 16:52:28 [Information] 1️⃣ Гость выбирает номер: "r_999"
2026-06-03 16:52:28 [Information] 2️⃣ Проверка доступности номера...
2026-06-03 16:52:28 [Information] Executed DbCommand ("0"ms) [Parameters=["@__roomId_0='?' (Size = 5)"], CommandType='Text', CommandTimeout='30']"
""SELECT \"r\".\"Id\", \"r\".\"Capacity\", \"r\".\"HotelId\", \"r\".\"IsAvailable\", \"r\".\"PricePerNight\", \"r\".\"RoomId\", \"r\".\"Type\"
FROM \"Rooms\" AS \"r\"
WHERE \"r\".\"RoomId\" = @__roomId_0
LIMIT 1"
2026-06-03 16:52:28 [Error] ❌ Номер "r_999" недоступен для бронирования
2026-06-03 16:52:28 [Warning] ⚠️ Retry 1 после ошибки. Следующая попытка через 2 сек
System.Exception: Номер недоступен
   at IntegrationService.Saga.BookingSaga.ExecuteBookingFlow(String roomId, String guestName, String guestEmail, DateTime checkIn, DateTime checkOut) in C:\Users\fahre\hotel-booking-integration\IntegrationService\Saga\BookingSaga.cs:line 38
   at HotelBooking.API.Controllers.BookingController.<>c__DisplayClass8_0.<<CreateBooking>b__0>d.MoveNext() in C:\Users\fahre\hotel-booking-integration\HotelBooking.API\Controllers\BookingController.cs:line 84
--- End of stack trace from previous location ---
   at Polly.Retry.AsyncRetryEngine.ImplementationAsync[TResult](Func`3 action, Context context, ExceptionPredicates shouldRetryExceptionPredicates, ResultPredicates`1 shouldRetryResultPredicates, Func`5 onRetryAsync, CancellationToken cancellationToken, Int32 permittedRetryCount, IEnumerable`1 sleepDurationsEnumerable, Func`4 sleepDurationProvider, Boolean continueOnCapturedContext)
2026-06-03 16:52:30 [Information] 🔄 Выполнение бронирования через Saga...
2026-06-03 16:52:30 [Information] ========== НАЧАЛО СКВОЗНОГО СЦЕНАРИЯ ==========
2026-06-03 16:52:30 [Information] 1️⃣ Гость выбирает номер: "r_999"
2026-06-03 16:52:30 [Information] 2️⃣ Проверка доступности номера...
2026-06-03 16:52:30 [Information] Executed DbCommand ("0"ms) [Parameters=["@__roomId_0='?' (Size = 5)"], CommandType='Text', CommandTimeout='30']"
""SELECT \"r\".\"Id\", \"r\".\"Capacity\", \"r\".\"HotelId\", \"r\".\"IsAvailable\", \"r\".\"PricePerNight\", \"r\".\"RoomId\", \"r\".\"Type\"
FROM \"Rooms\" AS \"r\"
WHERE \"r\".\"RoomId\" = @__roomId_0
LIMIT 1"
2026-06-03 16:52:30 [Error] ❌ Номер "r_999" недоступен для бронирования
2026-06-03 16:52:30 [Warning] ⚠️ Retry 2 после ошибки. Следующая попытка через 4 сек
System.Exception: Номер недоступен
   at IntegrationService.Saga.BookingSaga.ExecuteBookingFlow(String roomId, String guestName, String guestEmail, DateTime checkIn, DateTime checkOut) in C:\Users\fahre\hotel-booking-integration\IntegrationService\Saga\BookingSaga.cs:line 38
   at HotelBooking.API.Controllers.BookingController.<>c__DisplayClass8_0.<<CreateBooking>b__0>d.MoveNext() in C:\Users\fahre\hotel-booking-integration\HotelBooking.API\Controllers\BookingController.cs:line 84
--- End of stack trace from previous location ---
   at Polly.Retry.AsyncRetryEngine.ImplementationAsync[TResult](Func`3 action, Context context, ExceptionPredicates shouldRetryExceptionPredicates, ResultPredicates`1 shouldRetryResultPredicates, Func`5 onRetryAsync, CancellationToken cancellationToken, Int32 permittedRetryCount, IEnumerable`1 sleepDurationsEnumerable, Func`4 sleepDurationProvider, Boolean continueOnCapturedContext)
2026-06-03 16:52:34 [Information] 🔄 Выполнение бронирования через Saga...
2026-06-03 16:52:34 [Information] ========== НАЧАЛО СКВОЗНОГО СЦЕНАРИЯ ==========
2026-06-03 16:52:34 [Information] 1️⃣ Гость выбирает номер: "r_999"
2026-06-03 16:52:34 [Information] 2️⃣ Проверка доступности номера...
2026-06-03 16:52:34 [Information] Executed DbCommand ("0"ms) [Parameters=["@__roomId_0='?' (Size = 5)"], CommandType='Text', CommandTimeout='30']"
""SELECT \"r\".\"Id\", \"r\".\"Capacity\", \"r\".\"HotelId\", \"r\".\"IsAvailable\", \"r\".\"PricePerNight\", \"r\".\"RoomId\", \"r\".\"Type\"
FROM \"Rooms\" AS \"r\"
WHERE \"r\".\"RoomId\" = @__roomId_0
LIMIT 1"
2026-06-03 16:52:34 [Error] ❌ Номер "r_999" недоступен для бронирования
2026-06-03 16:52:34 [Warning] ⚠️ Retry 3 после ошибки. Следующая попытка через 8 сек
System.Exception: Номер недоступен
   at IntegrationService.Saga.BookingSaga.ExecuteBookingFlow(String roomId, String guestName, String guestEmail, DateTime checkIn, DateTime checkOut) in C:\Users\fahre\hotel-booking-integration\IntegrationService\Saga\BookingSaga.cs:line 38
   at HotelBooking.API.Controllers.BookingController.<>c__DisplayClass8_0.<<CreateBooking>b__0>d.MoveNext() in C:\Users\fahre\hotel-booking-integration\HotelBooking.API\Controllers\BookingController.cs:line 84
--- End of stack trace from previous location ---
   at Polly.Retry.AsyncRetryEngine.ImplementationAsync[TResult](Func`3 action, Context context, ExceptionPredicates shouldRetryExceptionPredicates, ResultPredicates`1 shouldRetryResultPredicates, Func`5 onRetryAsync, CancellationToken cancellationToken, Int32 permittedRetryCount, IEnumerable`1 sleepDurationsEnumerable, Func`4 sleepDurationProvider, Boolean continueOnCapturedContext)
2026-06-03 16:52:42 [Information] 🔄 Выполнение бронирования через Saga...
2026-06-03 16:52:42 [Information] ========== НАЧАЛО СКВОЗНОГО СЦЕНАРИЯ ==========
2026-06-03 16:52:42 [Information] 1️⃣ Гость выбирает номер: "r_999"
2026-06-03 16:52:42 [Information] 2️⃣ Проверка доступности номера...
2026-06-03 16:52:42 [Information] Executed DbCommand ("0"ms) [Parameters=["@__roomId_0='?' (Size = 5)"], CommandType='Text', CommandTimeout='30']"
""SELECT \"r\".\"Id\", \"r\".\"Capacity\", \"r\".\"HotelId\", \"r\".\"IsAvailable\", \"r\".\"PricePerNight\", \"r\".\"RoomId\", \"r\".\"Type\"
FROM \"Rooms\" AS \"r\"
WHERE \"r\".\"RoomId\" = @__roomId_0
LIMIT 1"
2026-06-03 16:52:42 [Error] ❌ Номер "r_999" недоступен для бронирования
2026-06-03 16:52:42 [Error] ❌ ОШИБКА ПРИ БРОНИРОВАНИИ для RoomId="r_999"
System.Exception: Номер недоступен
   at IntegrationService.Saga.BookingSaga.ExecuteBookingFlow(String roomId, String guestName, String guestEmail, DateTime checkIn, DateTime checkOut) in C:\Users\fahre\hotel-booking-integration\IntegrationService\Saga\BookingSaga.cs:line 38
   at HotelBooking.API.Controllers.BookingController.<>c__DisplayClass8_0.<<CreateBooking>b__0>d.MoveNext() in C:\Users\fahre\hotel-booking-integration\HotelBooking.API\Controllers\BookingController.cs:line 84
--- End of stack trace from previous location ---
   at Polly.Retry.AsyncRetryEngine.ImplementationAsync[TResult](Func`3 action, Context context, ExceptionPredicates shouldRetryExceptionPredicates, ResultPredicates`1 shouldRetryResultPredicates, Func`5 onRetryAsync, CancellationToken cancellationToken, Int32 permittedRetryCount, IEnumerable`1 sleepDurationsEnumerable, Func`4 sleepDurationProvider, Boolean continueOnCapturedContext)
   at Polly.AsyncPolicy.ExecuteInternalAsync[TResult](Func`3 action, Context context, Boolean continueOnCapturedContext, CancellationToken cancellationToken)
   at Polly.CircuitBreaker.AsyncCircuitBreakerPolicy.<>c__DisplayClass8_0`1.<<ImplementationAsync>b__0>d.MoveNext()
--- End of stack trace from previous location ---
   at Polly.CircuitBreaker.AsyncCircuitBreakerEngine.ImplementationAsync[TResult](Func`3 action, Context context, Boolean continueOnCapturedContext, ExceptionPredicates shouldHandleExceptionPredicates, ResultPredicates`1 shouldHandleResultPredicates, ICircuitController`1 breakerController, CancellationToken cancellationToken)
   at Polly.CircuitBreaker.AsyncCircuitBreakerPolicy.ImplementationAsync[TResult](Func`3 action, Context context, CancellationToken cancellationToken, Boolean continueOnCapturedContext)
   at Polly.AsyncPolicy.ExecuteInternalAsync[TResult](Func`3 action, Context context, Boolean continueOnCapturedContext, CancellationToken cancellationToken)
   at Polly.AsyncPolicy.ExecuteInternalAsync[TResult](Func`3 action, Context context, Boolean continueOnCapturedContext, CancellationToken cancellationToken)
   at HotelBooking.API.Controllers.BookingController.CreateBooking(CreateBookingRequest request) in C:\Users\fahre\hotel-booking-integration\HotelBooking.API\Controllers\BookingController.cs:line 80
2026-06-03 16:52:42 [Information] Executing "ObjectResult", writing value of type '"<>f__AnonymousType1`2[[System.Boolean, System.Private.CoreLib, Version=8.0.0.0, Culture=neutral, PublicKeyToken=7cec85d7bea7798e],[System.String, System.Private.CoreLib, Version=8.0.0.0, Culture=neutral, PublicKeyToken=7cec85d7bea7798e]]"'.
2026-06-03 16:52:42 [Information] Executed action "HotelBooking.API.Controllers.BookingController.CreateBooking (HotelBooking.API)" in 14042.2385ms
2026-06-03 16:52:42 [Information] Executed endpoint '"HotelBooking.API.Controllers.BookingController.CreateBooking (HotelBooking.API)"'
2026-06-03 16:52:42 [Information] Request finished "HTTP/1.1" "POST" "http"://"localhost:5071""""/api/Booking/book""" - 500 null "application/json; charset=utf-8" 14046.7342ms
2026-06-03 16:53:19 [Information] Application is shutting down...
2026-06-03 16:53:25 [Information] Executed DbCommand ("5"ms) [Parameters=[""], CommandType='Text', CommandTimeout='30']"
""SELECT COUNT(*) FROM \"sqlite_master\" WHERE \"type\" = 'table' AND \"rootpage\" IS NOT NULL;"
2026-06-03 16:53:25 [Information] Now listening on: "http://localhost:5071"
2026-06-03 16:53:25 [Information] Application started. Press Ctrl+C to shut down.
2026-06-03 16:53:25 [Information] Hosting environment: "Development"
2026-06-03 16:53:25 [Information] Content root path: "C:\Users\fahre\hotel-booking-integration\HotelBooking.API"
2026-06-03 16:53:27 [Information] Request starting "HTTP/1.1" "GET" "http"://"localhost:5071""""/swagger/index.html""" - null null
2026-06-03 16:53:27 [Information] Request finished "HTTP/1.1" "GET" "http"://"localhost:5071""""/swagger/index.html""" - 200 null "text/html;charset=utf-8" 55.2938ms
2026-06-03 16:53:27 [Information] Request starting "HTTP/1.1" "GET" "http"://"localhost:5071""""/swagger/v1/swagger.json""" - null null
2026-06-03 16:53:27 [Information] Request finished "HTTP/1.1" "GET" "http"://"localhost:5071""""/swagger/v1/swagger.json""" - 200 null "application/json;charset=utf-8" 52.7534ms
2026-06-03 16:53:42 [Information] Request starting "HTTP/1.1" "POST" "http"://"localhost:5071""""/api/Booking/book""" - "application/json" 138
2026-06-03 16:53:42 [Warning] Failed to determine the https port for redirect.
2026-06-03 16:53:42 [Information] Executing endpoint '"HotelBooking.API.Controllers.BookingController.CreateBooking (HotelBooking.API)"'
2026-06-03 16:53:42 [Information] Route matched with "{action = \"CreateBooking\", controller = \"Booking\"}". Executing controller action with signature "System.Threading.Tasks.Task`1[Microsoft.AspNetCore.Mvc.IActionResult] CreateBooking(HotelBooking.API.Controllers.CreateBookingRequest)" on controller "HotelBooking.API.Controllers.BookingController" ("HotelBooking.API").
2026-06-03 16:53:42 [Information] 📝 ЗАПРОС НА БРОНИРОВАНИЕ: RoomId="r_999", Guest="Тест", Email="test@test.com", Dates=06/10/2026 00:00:00→06/15/2026 00:00:00
2026-06-03 16:53:42 [Information] 🔄 Выполнение бронирования через Saga...
2026-06-03 16:53:42 [Information] ========== НАЧАЛО СКВОЗНОГО СЦЕНАРИЯ ==========
2026-06-03 16:53:42 [Information] 1️⃣ Гость выбирает номер: "r_999"
2026-06-03 16:53:42 [Information] 2️⃣ Проверка доступности номера...
2026-06-03 16:53:42 [Information] Executed DbCommand ("5"ms) [Parameters=["@__roomId_0='?' (Size = 5)"], CommandType='Text', CommandTimeout='30']"
""SELECT \"r\".\"Id\", \"r\".\"Capacity\", \"r\".\"HotelId\", \"r\".\"IsAvailable\", \"r\".\"PricePerNight\", \"r\".\"RoomId\", \"r\".\"Type\"
FROM \"Rooms\" AS \"r\"
WHERE \"r\".\"RoomId\" = @__roomId_0
LIMIT 1"
2026-06-03 16:53:42 [Error] ❌ Номер "r_999" недоступен для бронирования
2026-06-03 16:53:42 [Warning] ⚠️ Retry 1 после ошибки. Следующая попытка через 2 сек
System.Exception: Номер недоступен
   at IntegrationService.Saga.BookingSaga.ExecuteBookingFlow(String roomId, String guestName, String guestEmail, DateTime checkIn, DateTime checkOut) in C:\Users\fahre\hotel-booking-integration\IntegrationService\Saga\BookingSaga.cs:line 38
   at HotelBooking.API.Controllers.BookingController.<>c__DisplayClass8_0.<<CreateBooking>b__0>d.MoveNext() in C:\Users\fahre\hotel-booking-integration\HotelBooking.API\Controllers\BookingController.cs:line 84
--- End of stack trace from previous location ---
   at Polly.Retry.AsyncRetryEngine.ImplementationAsync[TResult](Func`3 action, Context context, ExceptionPredicates shouldRetryExceptionPredicates, ResultPredicates`1 shouldRetryResultPredicates, Func`5 onRetryAsync, CancellationToken cancellationToken, Int32 permittedRetryCount, IEnumerable`1 sleepDurationsEnumerable, Func`4 sleepDurationProvider, Boolean continueOnCapturedContext)
2026-06-03 16:53:44 [Information] 🔄 Выполнение бронирования через Saga...
2026-06-03 16:53:44 [Information] ========== НАЧАЛО СКВОЗНОГО СЦЕНАРИЯ ==========
2026-06-03 16:53:44 [Information] 1️⃣ Гость выбирает номер: "r_999"
2026-06-03 16:53:44 [Information] 2️⃣ Проверка доступности номера...
2026-06-03 16:53:44 [Information] Executed DbCommand ("0"ms) [Parameters=["@__roomId_0='?' (Size = 5)"], CommandType='Text', CommandTimeout='30']"
""SELECT \"r\".\"Id\", \"r\".\"Capacity\", \"r\".\"HotelId\", \"r\".\"IsAvailable\", \"r\".\"PricePerNight\", \"r\".\"RoomId\", \"r\".\"Type\"
FROM \"Rooms\" AS \"r\"
WHERE \"r\".\"RoomId\" = @__roomId_0
LIMIT 1"
2026-06-03 16:53:44 [Error] ❌ Номер "r_999" недоступен для бронирования
2026-06-03 16:53:44 [Warning] ⚠️ Retry 2 после ошибки. Следующая попытка через 4 сек
System.Exception: Номер недоступен
   at IntegrationService.Saga.BookingSaga.ExecuteBookingFlow(String roomId, String guestName, String guestEmail, DateTime checkIn, DateTime checkOut) in C:\Users\fahre\hotel-booking-integration\IntegrationService\Saga\BookingSaga.cs:line 38
   at HotelBooking.API.Controllers.BookingController.<>c__DisplayClass8_0.<<CreateBooking>b__0>d.MoveNext() in C:\Users\fahre\hotel-booking-integration\HotelBooking.API\Controllers\BookingController.cs:line 84
--- End of stack trace from previous location ---
   at Polly.Retry.AsyncRetryEngine.ImplementationAsync[TResult](Func`3 action, Context context, ExceptionPredicates shouldRetryExceptionPredicates, ResultPredicates`1 shouldRetryResultPredicates, Func`5 onRetryAsync, CancellationToken cancellationToken, Int32 permittedRetryCount, IEnumerable`1 sleepDurationsEnumerable, Func`4 sleepDurationProvider, Boolean continueOnCapturedContext)
2026-06-03 16:53:48 [Information] 🔄 Выполнение бронирования через Saga...
2026-06-03 16:53:48 [Information] ========== НАЧАЛО СКВОЗНОГО СЦЕНАРИЯ ==========
2026-06-03 16:53:48 [Information] 1️⃣ Гость выбирает номер: "r_999"
2026-06-03 16:53:48 [Information] 2️⃣ Проверка доступности номера...
2026-06-03 16:53:48 [Information] Executed DbCommand ("0"ms) [Parameters=["@__roomId_0='?' (Size = 5)"], CommandType='Text', CommandTimeout='30']"
""SELECT \"r\".\"Id\", \"r\".\"Capacity\", \"r\".\"HotelId\", \"r\".\"IsAvailable\", \"r\".\"PricePerNight\", \"r\".\"RoomId\", \"r\".\"Type\"
FROM \"Rooms\" AS \"r\"
WHERE \"r\".\"RoomId\" = @__roomId_0
LIMIT 1"
2026-06-03 16:53:48 [Error] ❌ Номер "r_999" недоступен для бронирования
2026-06-03 16:53:48 [Warning] ⚠️ Retry 3 после ошибки. Следующая попытка через 8 сек
System.Exception: Номер недоступен
   at IntegrationService.Saga.BookingSaga.ExecuteBookingFlow(String roomId, String guestName, String guestEmail, DateTime checkIn, DateTime checkOut) in C:\Users\fahre\hotel-booking-integration\IntegrationService\Saga\BookingSaga.cs:line 38
   at HotelBooking.API.Controllers.BookingController.<>c__DisplayClass8_0.<<CreateBooking>b__0>d.MoveNext() in C:\Users\fahre\hotel-booking-integration\HotelBooking.API\Controllers\BookingController.cs:line 84
--- End of stack trace from previous location ---
   at Polly.Retry.AsyncRetryEngine.ImplementationAsync[TResult](Func`3 action, Context context, ExceptionPredicates shouldRetryExceptionPredicates, ResultPredicates`1 shouldRetryResultPredicates, Func`5 onRetryAsync, CancellationToken cancellationToken, Int32 permittedRetryCount, IEnumerable`1 sleepDurationsEnumerable, Func`4 sleepDurationProvider, Boolean continueOnCapturedContext)
2026-06-03 16:53:56 [Information] 🔄 Выполнение бронирования через Saga...
2026-06-03 16:53:56 [Information] ========== НАЧАЛО СКВОЗНОГО СЦЕНАРИЯ ==========
2026-06-03 16:53:56 [Information] 1️⃣ Гость выбирает номер: "r_999"
2026-06-03 16:53:56 [Information] 2️⃣ Проверка доступности номера...
2026-06-03 16:53:56 [Information] Executed DbCommand ("0"ms) [Parameters=["@__roomId_0='?' (Size = 5)"], CommandType='Text', CommandTimeout='30']"
""SELECT \"r\".\"Id\", \"r\".\"Capacity\", \"r\".\"HotelId\", \"r\".\"IsAvailable\", \"r\".\"PricePerNight\", \"r\".\"RoomId\", \"r\".\"Type\"
FROM \"Rooms\" AS \"r\"
WHERE \"r\".\"RoomId\" = @__roomId_0
LIMIT 1"
2026-06-03 16:53:56 [Error] ❌ Номер "r_999" недоступен для бронирования
2026-06-03 16:53:56 [Error] ❌ ОШИБКА ПРИ БРОНИРОВАНИИ для RoomId="r_999"
System.Exception: Номер недоступен
   at IntegrationService.Saga.BookingSaga.ExecuteBookingFlow(String roomId, String guestName, String guestEmail, DateTime checkIn, DateTime checkOut) in C:\Users\fahre\hotel-booking-integration\IntegrationService\Saga\BookingSaga.cs:line 38
   at HotelBooking.API.Controllers.BookingController.<>c__DisplayClass8_0.<<CreateBooking>b__0>d.MoveNext() in C:\Users\fahre\hotel-booking-integration\HotelBooking.API\Controllers\BookingController.cs:line 84
--- End of stack trace from previous location ---
   at Polly.Retry.AsyncRetryEngine.ImplementationAsync[TResult](Func`3 action, Context context, ExceptionPredicates shouldRetryExceptionPredicates, ResultPredicates`1 shouldRetryResultPredicates, Func`5 onRetryAsync, CancellationToken cancellationToken, Int32 permittedRetryCount, IEnumerable`1 sleepDurationsEnumerable, Func`4 sleepDurationProvider, Boolean continueOnCapturedContext)
   at Polly.AsyncPolicy.ExecuteInternalAsync[TResult](Func`3 action, Context context, Boolean continueOnCapturedContext, CancellationToken cancellationToken)
   at Polly.CircuitBreaker.AsyncCircuitBreakerPolicy.<>c__DisplayClass8_0`1.<<ImplementationAsync>b__0>d.MoveNext()
--- End of stack trace from previous location ---
   at Polly.CircuitBreaker.AsyncCircuitBreakerEngine.ImplementationAsync[TResult](Func`3 action, Context context, Boolean continueOnCapturedContext, ExceptionPredicates shouldHandleExceptionPredicates, ResultPredicates`1 shouldHandleResultPredicates, ICircuitController`1 breakerController, CancellationToken cancellationToken)
   at Polly.CircuitBreaker.AsyncCircuitBreakerPolicy.ImplementationAsync[TResult](Func`3 action, Context context, CancellationToken cancellationToken, Boolean continueOnCapturedContext)
   at Polly.AsyncPolicy.ExecuteInternalAsync[TResult](Func`3 action, Context context, Boolean continueOnCapturedContext, CancellationToken cancellationToken)
   at Polly.AsyncPolicy.ExecuteInternalAsync[TResult](Func`3 action, Context context, Boolean continueOnCapturedContext, CancellationToken cancellationToken)
   at HotelBooking.API.Controllers.BookingController.CreateBooking(CreateBookingRequest request) in C:\Users\fahre\hotel-booking-integration\HotelBooking.API\Controllers\BookingController.cs:line 80
2026-06-03 16:53:56 [Information] Executing "ObjectResult", writing value of type '"<>f__AnonymousType1`2[[System.Boolean, System.Private.CoreLib, Version=8.0.0.0, Culture=neutral, PublicKeyToken=7cec85d7bea7798e],[System.String, System.Private.CoreLib, Version=8.0.0.0, Culture=neutral, PublicKeyToken=7cec85d7bea7798e]]"'.
2026-06-03 16:53:56 [Information] Executed action "HotelBooking.API.Controllers.BookingController.CreateBooking (HotelBooking.API)" in 14262.6102ms
2026-06-03 16:53:56 [Information] Executed endpoint '"HotelBooking.API.Controllers.BookingController.CreateBooking (HotelBooking.API)"'
2026-06-03 16:53:56 [Information] Request finished "HTTP/1.1" "POST" "http"://"localhost:5071""""/api/Booking/book""" - 500 null "application/json; charset=utf-8" 14292.6325ms
2026-06-03 16:53:57 [Information] Request starting "HTTP/1.1" "POST" "http"://"localhost:5071""""/api/Booking/book""" - "application/json" 138
2026-06-03 16:53:57 [Information] Executing endpoint '"HotelBooking.API.Controllers.BookingController.CreateBooking (HotelBooking.API)"'
2026-06-03 16:53:57 [Information] Route matched with "{action = \"CreateBooking\", controller = \"Booking\"}". Executing controller action with signature "System.Threading.Tasks.Task`1[Microsoft.AspNetCore.Mvc.IActionResult] CreateBooking(HotelBooking.API.Controllers.CreateBookingRequest)" on controller "HotelBooking.API.Controllers.BookingController" ("HotelBooking.API").
2026-06-03 16:53:57 [Information] 📝 ЗАПРОС НА БРОНИРОВАНИЕ: RoomId="r_999", Guest="Тест", Email="test@test.com", Dates=06/10/2026 00:00:00→06/15/2026 00:00:00
2026-06-03 16:53:57 [Information] 🔄 Выполнение бронирования через Saga...
2026-06-03 16:53:57 [Information] ========== НАЧАЛО СКВОЗНОГО СЦЕНАРИЯ ==========
2026-06-03 16:53:57 [Information] 1️⃣ Гость выбирает номер: "r_999"
2026-06-03 16:53:57 [Information] 2️⃣ Проверка доступности номера...
2026-06-03 16:53:57 [Information] Executed DbCommand ("0"ms) [Parameters=["@__roomId_0='?' (Size = 5)"], CommandType='Text', CommandTimeout='30']"
""SELECT \"r\".\"Id\", \"r\".\"Capacity\", \"r\".\"HotelId\", \"r\".\"IsAvailable\", \"r\".\"PricePerNight\", \"r\".\"RoomId\", \"r\".\"Type\"
FROM \"Rooms\" AS \"r\"
WHERE \"r\".\"RoomId\" = @__roomId_0
LIMIT 1"
2026-06-03 16:53:57 [Error] ❌ Номер "r_999" недоступен для бронирования
2026-06-03 16:53:57 [Warning] ⚠️ Retry 1 после ошибки. Следующая попытка через 2 сек
System.Exception: Номер недоступен
   at IntegrationService.Saga.BookingSaga.ExecuteBookingFlow(String roomId, String guestName, String guestEmail, DateTime checkIn, DateTime checkOut) in C:\Users\fahre\hotel-booking-integration\IntegrationService\Saga\BookingSaga.cs:line 38
   at HotelBooking.API.Controllers.BookingController.<>c__DisplayClass8_0.<<CreateBooking>b__0>d.MoveNext() in C:\Users\fahre\hotel-booking-integration\HotelBooking.API\Controllers\BookingController.cs:line 84
--- End of stack trace from previous location ---
   at Polly.Retry.AsyncRetryEngine.ImplementationAsync[TResult](Func`3 action, Context context, ExceptionPredicates shouldRetryExceptionPredicates, ResultPredicates`1 shouldRetryResultPredicates, Func`5 onRetryAsync, CancellationToken cancellationToken, Int32 permittedRetryCount, IEnumerable`1 sleepDurationsEnumerable, Func`4 sleepDurationProvider, Boolean continueOnCapturedContext)
2026-06-03 16:53:59 [Information] 🔄 Выполнение бронирования через Saga...
2026-06-03 16:53:59 [Information] ========== НАЧАЛО СКВОЗНОГО СЦЕНАРИЯ ==========
2026-06-03 16:53:59 [Information] 1️⃣ Гость выбирает номер: "r_999"
2026-06-03 16:53:59 [Information] 2️⃣ Проверка доступности номера...
2026-06-03 16:53:59 [Information] Executed DbCommand ("0"ms) [Parameters=["@__roomId_0='?' (Size = 5)"], CommandType='Text', CommandTimeout='30']"
""SELECT \"r\".\"Id\", \"r\".\"Capacity\", \"r\".\"HotelId\", \"r\".\"IsAvailable\", \"r\".\"PricePerNight\", \"r\".\"RoomId\", \"r\".\"Type\"
FROM \"Rooms\" AS \"r\"
WHERE \"r\".\"RoomId\" = @__roomId_0
LIMIT 1"
2026-06-03 16:53:59 [Error] ❌ Номер "r_999" недоступен для бронирования
2026-06-03 16:53:59 [Warning] ⚠️ Retry 2 после ошибки. Следующая попытка через 4 сек
System.Exception: Номер недоступен
   at IntegrationService.Saga.BookingSaga.ExecuteBookingFlow(String roomId, String guestName, String guestEmail, DateTime checkIn, DateTime checkOut) in C:\Users\fahre\hotel-booking-integration\IntegrationService\Saga\BookingSaga.cs:line 38
   at HotelBooking.API.Controllers.BookingController.<>c__DisplayClass8_0.<<CreateBooking>b__0>d.MoveNext() in C:\Users\fahre\hotel-booking-integration\HotelBooking.API\Controllers\BookingController.cs:line 84
--- End of stack trace from previous location ---
   at Polly.Retry.AsyncRetryEngine.ImplementationAsync[TResult](Func`3 action, Context context, ExceptionPredicates shouldRetryExceptionPredicates, ResultPredicates`1 shouldRetryResultPredicates, Func`5 onRetryAsync, CancellationToken cancellationToken, Int32 permittedRetryCount, IEnumerable`1 sleepDurationsEnumerable, Func`4 sleepDurationProvider, Boolean continueOnCapturedContext)
2026-06-03 16:54:03 [Information] 🔄 Выполнение бронирования через Saga...
2026-06-03 16:54:03 [Information] ========== НАЧАЛО СКВОЗНОГО СЦЕНАРИЯ ==========
2026-06-03 16:54:03 [Information] 1️⃣ Гость выбирает номер: "r_999"
2026-06-03 16:54:03 [Information] 2️⃣ Проверка доступности номера...
2026-06-03 16:54:03 [Information] Executed DbCommand ("0"ms) [Parameters=["@__roomId_0='?' (Size = 5)"], CommandType='Text', CommandTimeout='30']"
""SELECT \"r\".\"Id\", \"r\".\"Capacity\", \"r\".\"HotelId\", \"r\".\"IsAvailable\", \"r\".\"PricePerNight\", \"r\".\"RoomId\", \"r\".\"Type\"
FROM \"Rooms\" AS \"r\"
WHERE \"r\".\"RoomId\" = @__roomId_0
LIMIT 1"
2026-06-03 16:54:03 [Error] ❌ Номер "r_999" недоступен для бронирования
2026-06-03 16:54:03 [Warning] ⚠️ Retry 3 после ошибки. Следующая попытка через 8 сек
System.Exception: Номер недоступен
   at IntegrationService.Saga.BookingSaga.ExecuteBookingFlow(String roomId, String guestName, String guestEmail, DateTime checkIn, DateTime checkOut) in C:\Users\fahre\hotel-booking-integration\IntegrationService\Saga\BookingSaga.cs:line 38
   at HotelBooking.API.Controllers.BookingController.<>c__DisplayClass8_0.<<CreateBooking>b__0>d.MoveNext() in C:\Users\fahre\hotel-booking-integration\HotelBooking.API\Controllers\BookingController.cs:line 84
--- End of stack trace from previous location ---
   at Polly.Retry.AsyncRetryEngine.ImplementationAsync[TResult](Func`3 action, Context context, ExceptionPredicates shouldRetryExceptionPredicates, ResultPredicates`1 shouldRetryResultPredicates, Func`5 onRetryAsync, CancellationToken cancellationToken, Int32 permittedRetryCount, IEnumerable`1 sleepDurationsEnumerable, Func`4 sleepDurationProvider, Boolean continueOnCapturedContext)
2026-06-03 16:54:11 [Information] 🔄 Выполнение бронирования через Saga...
2026-06-03 16:54:11 [Information] ========== НАЧАЛО СКВОЗНОГО СЦЕНАРИЯ ==========
2026-06-03 16:54:11 [Information] 1️⃣ Гость выбирает номер: "r_999"
2026-06-03 16:54:11 [Information] 2️⃣ Проверка доступности номера...
2026-06-03 16:54:11 [Information] Executed DbCommand ("0"ms) [Parameters=["@__roomId_0='?' (Size = 5)"], CommandType='Text', CommandTimeout='30']"
""SELECT \"r\".\"Id\", \"r\".\"Capacity\", \"r\".\"HotelId\", \"r\".\"IsAvailable\", \"r\".\"PricePerNight\", \"r\".\"RoomId\", \"r\".\"Type\"
FROM \"Rooms\" AS \"r\"
WHERE \"r\".\"RoomId\" = @__roomId_0
LIMIT 1"
2026-06-03 16:54:11 [Error] ❌ Номер "r_999" недоступен для бронирования
2026-06-03 16:54:11 [Error] ❌ ОШИБКА ПРИ БРОНИРОВАНИИ для RoomId="r_999"
System.Exception: Номер недоступен
   at IntegrationService.Saga.BookingSaga.ExecuteBookingFlow(String roomId, String guestName, String guestEmail, DateTime checkIn, DateTime checkOut) in C:\Users\fahre\hotel-booking-integration\IntegrationService\Saga\BookingSaga.cs:line 38
   at HotelBooking.API.Controllers.BookingController.<>c__DisplayClass8_0.<<CreateBooking>b__0>d.MoveNext() in C:\Users\fahre\hotel-booking-integration\HotelBooking.API\Controllers\BookingController.cs:line 84
--- End of stack trace from previous location ---
   at Polly.Retry.AsyncRetryEngine.ImplementationAsync[TResult](Func`3 action, Context context, ExceptionPredicates shouldRetryExceptionPredicates, ResultPredicates`1 shouldRetryResultPredicates, Func`5 onRetryAsync, CancellationToken cancellationToken, Int32 permittedRetryCount, IEnumerable`1 sleepDurationsEnumerable, Func`4 sleepDurationProvider, Boolean continueOnCapturedContext)
   at Polly.AsyncPolicy.ExecuteInternalAsync[TResult](Func`3 action, Context context, Boolean continueOnCapturedContext, CancellationToken cancellationToken)
   at Polly.CircuitBreaker.AsyncCircuitBreakerPolicy.<>c__DisplayClass8_0`1.<<ImplementationAsync>b__0>d.MoveNext()
--- End of stack trace from previous location ---
   at Polly.CircuitBreaker.AsyncCircuitBreakerEngine.ImplementationAsync[TResult](Func`3 action, Context context, Boolean continueOnCapturedContext, ExceptionPredicates shouldHandleExceptionPredicates, ResultPredicates`1 shouldHandleResultPredicates, ICircuitController`1 breakerController, CancellationToken cancellationToken)
   at Polly.CircuitBreaker.AsyncCircuitBreakerPolicy.ImplementationAsync[TResult](Func`3 action, Context context, CancellationToken cancellationToken, Boolean continueOnCapturedContext)
   at Polly.AsyncPolicy.ExecuteInternalAsync[TResult](Func`3 action, Context context, Boolean continueOnCapturedContext, CancellationToken cancellationToken)
   at Polly.AsyncPolicy.ExecuteInternalAsync[TResult](Func`3 action, Context context, Boolean continueOnCapturedContext, CancellationToken cancellationToken)
   at HotelBooking.API.Controllers.BookingController.CreateBooking(CreateBookingRequest request) in C:\Users\fahre\hotel-booking-integration\HotelBooking.API\Controllers\BookingController.cs:line 80
2026-06-03 16:54:11 [Information] Executing "ObjectResult", writing value of type '"<>f__AnonymousType1`2[[System.Boolean, System.Private.CoreLib, Version=8.0.0.0, Culture=neutral, PublicKeyToken=7cec85d7bea7798e],[System.String, System.Private.CoreLib, Version=8.0.0.0, Culture=neutral, PublicKeyToken=7cec85d7bea7798e]]"'.
2026-06-03 16:54:11 [Information] Executed action "HotelBooking.API.Controllers.BookingController.CreateBooking (HotelBooking.API)" in 14073.055ms
2026-06-03 16:54:11 [Information] Executed endpoint '"HotelBooking.API.Controllers.BookingController.CreateBooking (HotelBooking.API)"'
2026-06-03 16:54:11 [Information] Request finished "HTTP/1.1" "POST" "http"://"localhost:5071""""/api/Booking/book""" - 500 null "application/json; charset=utf-8" 14078.0313ms
2026-06-03 16:54:12 [Information] Request starting "HTTP/1.1" "POST" "http"://"localhost:5071""""/api/Booking/book""" - "application/json" 138
2026-06-03 16:54:12 [Information] Executing endpoint '"HotelBooking.API.Controllers.BookingController.CreateBooking (HotelBooking.API)"'
2026-06-03 16:54:12 [Information] Route matched with "{action = \"CreateBooking\", controller = \"Booking\"}". Executing controller action with signature "System.Threading.Tasks.Task`1[Microsoft.AspNetCore.Mvc.IActionResult] CreateBooking(HotelBooking.API.Controllers.CreateBookingRequest)" on controller "HotelBooking.API.Controllers.BookingController" ("HotelBooking.API").
2026-06-03 16:54:12 [Information] 📝 ЗАПРОС НА БРОНИРОВАНИЕ: RoomId="r_999", Guest="Тест", Email="test@test.com", Dates=06/10/2026 00:00:00→06/15/2026 00:00:00
2026-06-03 16:54:12 [Information] 🔄 Выполнение бронирования через Saga...
2026-06-03 16:54:12 [Information] ========== НАЧАЛО СКВОЗНОГО СЦЕНАРИЯ ==========
2026-06-03 16:54:12 [Information] 1️⃣ Гость выбирает номер: "r_999"
2026-06-03 16:54:12 [Information] 2️⃣ Проверка доступности номера...
2026-06-03 16:54:12 [Information] Executed DbCommand ("0"ms) [Parameters=["@__roomId_0='?' (Size = 5)"], CommandType='Text', CommandTimeout='30']"
""SELECT \"r\".\"Id\", \"r\".\"Capacity\", \"r\".\"HotelId\", \"r\".\"IsAvailable\", \"r\".\"PricePerNight\", \"r\".\"RoomId\", \"r\".\"Type\"
FROM \"Rooms\" AS \"r\"
WHERE \"r\".\"RoomId\" = @__roomId_0
LIMIT 1"
2026-06-03 16:54:12 [Error] ❌ Номер "r_999" недоступен для бронирования
2026-06-03 16:54:12 [Warning] ⚠️ Retry 1 после ошибки. Следующая попытка через 2 сек
System.Exception: Номер недоступен
   at IntegrationService.Saga.BookingSaga.ExecuteBookingFlow(String roomId, String guestName, String guestEmail, DateTime checkIn, DateTime checkOut) in C:\Users\fahre\hotel-booking-integration\IntegrationService\Saga\BookingSaga.cs:line 38
   at HotelBooking.API.Controllers.BookingController.<>c__DisplayClass8_0.<<CreateBooking>b__0>d.MoveNext() in C:\Users\fahre\hotel-booking-integration\HotelBooking.API\Controllers\BookingController.cs:line 84
--- End of stack trace from previous location ---
   at Polly.Retry.AsyncRetryEngine.ImplementationAsync[TResult](Func`3 action, Context context, ExceptionPredicates shouldRetryExceptionPredicates, ResultPredicates`1 shouldRetryResultPredicates, Func`5 onRetryAsync, CancellationToken cancellationToken, Int32 permittedRetryCount, IEnumerable`1 sleepDurationsEnumerable, Func`4 sleepDurationProvider, Boolean continueOnCapturedContext)
2026-06-03 16:54:14 [Information] 🔄 Выполнение бронирования через Saga...
2026-06-03 16:54:14 [Information] ========== НАЧАЛО СКВОЗНОГО СЦЕНАРИЯ ==========
2026-06-03 16:54:14 [Information] 1️⃣ Гость выбирает номер: "r_999"
2026-06-03 16:54:14 [Information] 2️⃣ Проверка доступности номера...
2026-06-03 16:54:14 [Information] Executed DbCommand ("0"ms) [Parameters=["@__roomId_0='?' (Size = 5)"], CommandType='Text', CommandTimeout='30']"
""SELECT \"r\".\"Id\", \"r\".\"Capacity\", \"r\".\"HotelId\", \"r\".\"IsAvailable\", \"r\".\"PricePerNight\", \"r\".\"RoomId\", \"r\".\"Type\"
FROM \"Rooms\" AS \"r\"
WHERE \"r\".\"RoomId\" = @__roomId_0
LIMIT 1"
2026-06-03 16:54:14 [Error] ❌ Номер "r_999" недоступен для бронирования
2026-06-03 16:54:14 [Warning] ⚠️ Retry 2 после ошибки. Следующая попытка через 4 сек
System.Exception: Номер недоступен
   at IntegrationService.Saga.BookingSaga.ExecuteBookingFlow(String roomId, String guestName, String guestEmail, DateTime checkIn, DateTime checkOut) in C:\Users\fahre\hotel-booking-integration\IntegrationService\Saga\BookingSaga.cs:line 38
   at HotelBooking.API.Controllers.BookingController.<>c__DisplayClass8_0.<<CreateBooking>b__0>d.MoveNext() in C:\Users\fahre\hotel-booking-integration\HotelBooking.API\Controllers\BookingController.cs:line 84
--- End of stack trace from previous location ---
   at Polly.Retry.AsyncRetryEngine.ImplementationAsync[TResult](Func`3 action, Context context, ExceptionPredicates shouldRetryExceptionPredicates, ResultPredicates`1 shouldRetryResultPredicates, Func`5 onRetryAsync, CancellationToken cancellationToken, Int32 permittedRetryCount, IEnumerable`1 sleepDurationsEnumerable, Func`4 sleepDurationProvider, Boolean continueOnCapturedContext)
2026-06-03 16:54:18 [Information] 🔄 Выполнение бронирования через Saga...
2026-06-03 16:54:18 [Information] ========== НАЧАЛО СКВОЗНОГО СЦЕНАРИЯ ==========
2026-06-03 16:54:18 [Information] 1️⃣ Гость выбирает номер: "r_999"
2026-06-03 16:54:18 [Information] 2️⃣ Проверка доступности номера...
2026-06-03 16:54:18 [Information] Executed DbCommand ("0"ms) [Parameters=["@__roomId_0='?' (Size = 5)"], CommandType='Text', CommandTimeout='30']"
""SELECT \"r\".\"Id\", \"r\".\"Capacity\", \"r\".\"HotelId\", \"r\".\"IsAvailable\", \"r\".\"PricePerNight\", \"r\".\"RoomId\", \"r\".\"Type\"
FROM \"Rooms\" AS \"r\"
WHERE \"r\".\"RoomId\" = @__roomId_0
LIMIT 1"
2026-06-03 16:54:18 [Error] ❌ Номер "r_999" недоступен для бронирования
2026-06-03 16:54:18 [Warning] ⚠️ Retry 3 после ошибки. Следующая попытка через 8 сек
System.Exception: Номер недоступен
   at IntegrationService.Saga.BookingSaga.ExecuteBookingFlow(String roomId, String guestName, String guestEmail, DateTime checkIn, DateTime checkOut) in C:\Users\fahre\hotel-booking-integration\IntegrationService\Saga\BookingSaga.cs:line 38
   at HotelBooking.API.Controllers.BookingController.<>c__DisplayClass8_0.<<CreateBooking>b__0>d.MoveNext() in C:\Users\fahre\hotel-booking-integration\HotelBooking.API\Controllers\BookingController.cs:line 84
--- End of stack trace from previous location ---
   at Polly.Retry.AsyncRetryEngine.ImplementationAsync[TResult](Func`3 action, Context context, ExceptionPredicates shouldRetryExceptionPredicates, ResultPredicates`1 shouldRetryResultPredicates, Func`5 onRetryAsync, CancellationToken cancellationToken, Int32 permittedRetryCount, IEnumerable`1 sleepDurationsEnumerable, Func`4 sleepDurationProvider, Boolean continueOnCapturedContext)
2026-06-03 16:54:26 [Information] 🔄 Выполнение бронирования через Saga...
2026-06-03 16:54:26 [Information] ========== НАЧАЛО СКВОЗНОГО СЦЕНАРИЯ ==========
2026-06-03 16:54:26 [Information] 1️⃣ Гость выбирает номер: "r_999"
2026-06-03 16:54:26 [Information] 2️⃣ Проверка доступности номера...
2026-06-03 16:54:26 [Information] Executed DbCommand ("0"ms) [Parameters=["@__roomId_0='?' (Size = 5)"], CommandType='Text', CommandTimeout='30']"
""SELECT \"r\".\"Id\", \"r\".\"Capacity\", \"r\".\"HotelId\", \"r\".\"IsAvailable\", \"r\".\"PricePerNight\", \"r\".\"RoomId\", \"r\".\"Type\"
FROM \"Rooms\" AS \"r\"
WHERE \"r\".\"RoomId\" = @__roomId_0
LIMIT 1"
2026-06-03 16:54:26 [Error] ❌ Номер "r_999" недоступен для бронирования
2026-06-03 16:54:26 [Error] ❌ ОШИБКА ПРИ БРОНИРОВАНИИ для RoomId="r_999"
System.Exception: Номер недоступен
   at IntegrationService.Saga.BookingSaga.ExecuteBookingFlow(String roomId, String guestName, String guestEmail, DateTime checkIn, DateTime checkOut) in C:\Users\fahre\hotel-booking-integration\IntegrationService\Saga\BookingSaga.cs:line 38
   at HotelBooking.API.Controllers.BookingController.<>c__DisplayClass8_0.<<CreateBooking>b__0>d.MoveNext() in C:\Users\fahre\hotel-booking-integration\HotelBooking.API\Controllers\BookingController.cs:line 84
--- End of stack trace from previous location ---
   at Polly.Retry.AsyncRetryEngine.ImplementationAsync[TResult](Func`3 action, Context context, ExceptionPredicates shouldRetryExceptionPredicates, ResultPredicates`1 shouldRetryResultPredicates, Func`5 onRetryAsync, CancellationToken cancellationToken, Int32 permittedRetryCount, IEnumerable`1 sleepDurationsEnumerable, Func`4 sleepDurationProvider, Boolean continueOnCapturedContext)
   at Polly.AsyncPolicy.ExecuteInternalAsync[TResult](Func`3 action, Context context, Boolean continueOnCapturedContext, CancellationToken cancellationToken)
   at Polly.CircuitBreaker.AsyncCircuitBreakerPolicy.<>c__DisplayClass8_0`1.<<ImplementationAsync>b__0>d.MoveNext()
--- End of stack trace from previous location ---
   at Polly.CircuitBreaker.AsyncCircuitBreakerEngine.ImplementationAsync[TResult](Func`3 action, Context context, Boolean continueOnCapturedContext, ExceptionPredicates shouldHandleExceptionPredicates, ResultPredicates`1 shouldHandleResultPredicates, ICircuitController`1 breakerController, CancellationToken cancellationToken)
   at Polly.CircuitBreaker.AsyncCircuitBreakerPolicy.ImplementationAsync[TResult](Func`3 action, Context context, CancellationToken cancellationToken, Boolean continueOnCapturedContext)
   at Polly.AsyncPolicy.ExecuteInternalAsync[TResult](Func`3 action, Context context, Boolean continueOnCapturedContext, CancellationToken cancellationToken)
   at Polly.AsyncPolicy.ExecuteInternalAsync[TResult](Func`3 action, Context context, Boolean continueOnCapturedContext, CancellationToken cancellationToken)
   at HotelBooking.API.Controllers.BookingController.CreateBooking(CreateBookingRequest request) in C:\Users\fahre\hotel-booking-integration\HotelBooking.API\Controllers\BookingController.cs:line 80
2026-06-03 16:54:26 [Information] Executing "ObjectResult", writing value of type '"<>f__AnonymousType1`2[[System.Boolean, System.Private.CoreLib, Version=8.0.0.0, Culture=neutral, PublicKeyToken=7cec85d7bea7798e],[System.String, System.Private.CoreLib, Version=8.0.0.0, Culture=neutral, PublicKeyToken=7cec85d7bea7798e]]"'.
2026-06-03 16:54:26 [Information] Executed action "HotelBooking.API.Controllers.BookingController.CreateBooking (HotelBooking.API)" in 14056.1325ms
2026-06-03 16:54:26 [Information] Executed endpoint '"HotelBooking.API.Controllers.BookingController.CreateBooking (HotelBooking.API)"'
2026-06-03 16:54:26 [Information] Request finished "HTTP/1.1" "POST" "http"://"localhost:5071""""/api/Booking/book""" - 500 null "application/json; charset=utf-8" 14060.307ms
2026-06-03 16:59:57 [Information] Application is shutting down...
2026-06-03 21:02:00 [Information] Executed DbCommand ("6"ms) [Parameters=[""], CommandType='Text', CommandTimeout='30']"
""SELECT COUNT(*) FROM \"sqlite_master\" WHERE \"type\" = 'table' AND \"rootpage\" IS NOT NULL;"
2026-06-03 21:02:00 [Information] Now listening on: "http://localhost:5071"
2026-06-03 21:02:00 [Information] Application started. Press Ctrl+C to shut down.
2026-06-03 21:02:00 [Information] Hosting environment: "Development"
2026-06-03 21:02:00 [Information] Content root path: "C:\Users\fahre\hotel-booking-integration\HotelBooking.API"
2026-06-03 21:02:03 [Information] Request starting "HTTP/1.1" "GET" "http"://"localhost:5071""""/""" - null null
2026-06-03 21:02:03 [Information] Sending file. Request path: '"/index.html"'. Physical path: '"C:\Users\fahre\hotel-booking-integration\HotelBooking.API\wwwroot\index.html"'
2026-06-03 21:02:03 [Information] Request finished "HTTP/1.1" "GET" "http"://"localhost:5071""""/index.html""" - 200 8417 "text/html" 31.3524ms
2026-06-03 21:02:04 [Information] Request starting "HTTP/1.1" "GET" "http"://"localhost:5071""""/api/Booking/bookings""" - null null
2026-06-03 21:02:04 [Information] Request starting "HTTP/1.1" "GET" "http"://"localhost:5071""""/api/Booking/rooms""" - null null
2026-06-03 21:02:04 [Warning] Failed to determine the https port for redirect.
2026-06-03 21:02:04 [Information] Executing endpoint '"HotelBooking.API.Controllers.BookingController.GetRooms (HotelBooking.API)"'
2026-06-03 21:02:04 [Information] Executing endpoint '"HotelBooking.API.Controllers.BookingController.GetBookings (HotelBooking.API)"'
2026-06-03 21:02:04 [Information] Route matched with "{action = \"GetBookings\", controller = \"Booking\"}". Executing controller action with signature "System.Threading.Tasks.Task`1[Microsoft.AspNetCore.Mvc.IActionResult] GetBookings()" on controller "HotelBooking.API.Controllers.BookingController" ("HotelBooking.API").
2026-06-03 21:02:04 [Information] Route matched with "{action = \"GetRooms\", controller = \"Booking\"}". Executing controller action with signature "System.Threading.Tasks.Task`1[Microsoft.AspNetCore.Mvc.IActionResult] GetRooms()" on controller "HotelBooking.API.Controllers.BookingController" ("HotelBooking.API").
2026-06-03 21:02:04 [Information] 📋 Запрос списка бронирований
2026-06-03 21:02:04 [Information] 📋 Запрос списка номеров
2026-06-03 21:02:04 [Information] Executed DbCommand ("1"ms) [Parameters=[""], CommandType='Text', CommandTimeout='30']"
""SELECT \"r\".\"Id\", \"r\".\"Capacity\", \"r\".\"HotelId\", \"r\".\"IsAvailable\", \"r\".\"PricePerNight\", \"r\".\"RoomId\", \"r\".\"Type\"
FROM \"Rooms\" AS \"r\""
2026-06-03 21:02:04 [Information] Executed DbCommand ("1"ms) [Parameters=[""], CommandType='Text', CommandTimeout='30']"
""SELECT \"b\".\"Id\", \"b\".\"BookingId\", \"b\".\"CheckIn\", \"b\".\"CheckOut\", \"b\".\"CreatedAt\", \"b\".\"GuestEmail\", \"b\".\"GuestName\", \"b\".\"RoomId\", \"b\".\"Status\", \"b\".\"TotalAmount\"
FROM \"Bookings\" AS \"b\""
2026-06-03 21:02:04 [Information] ✅ Успешно загружено 18 бронирований
2026-06-03 21:02:04 [Information] ✅ Успешно загружено 1 номеров
2026-06-03 21:02:04 [Information] Executing "OkObjectResult", writing value of type '"System.Collections.Generic.List`1[[IntegrationService.Models.Room, IntegrationService, Version=1.0.0.0, Culture=neutral, PublicKeyToken=null]]"'.
2026-06-03 21:02:04 [Information] Executing "OkObjectResult", writing value of type '"System.Collections.Generic.List`1[[IntegrationService.Models.Booking, IntegrationService, Version=1.0.0.0, Culture=neutral, PublicKeyToken=null]]"'.
2026-06-03 21:02:04 [Information] Request starting "HTTP/1.1" "GET" "http"://"localhost:5071""""/api/Booking/bookings""" - null null
2026-06-03 21:02:04 [Information] Executed action "HotelBooking.API.Controllers.BookingController.GetRooms (HotelBooking.API)" in 174.4232ms
2026-06-03 21:02:04 [Information] Executed action "HotelBooking.API.Controllers.BookingController.GetBookings (HotelBooking.API)" in 175.2382ms
2026-06-03 21:02:04 [Information] Executed endpoint '"HotelBooking.API.Controllers.BookingController.GetRooms (HotelBooking.API)"'
2026-06-03 21:02:04 [Information] Executing endpoint '"HotelBooking.API.Controllers.BookingController.GetBookings (HotelBooking.API)"'
2026-06-03 21:02:04 [Information] Executed endpoint '"HotelBooking.API.Controllers.BookingController.GetBookings (HotelBooking.API)"'
2026-06-03 21:02:04 [Information] Route matched with "{action = \"GetBookings\", controller = \"Booking\"}". Executing controller action with signature "System.Threading.Tasks.Task`1[Microsoft.AspNetCore.Mvc.IActionResult] GetBookings()" on controller "HotelBooking.API.Controllers.BookingController" ("HotelBooking.API").
2026-06-03 21:02:04 [Information] Request finished "HTTP/1.1" "GET" "http"://"localhost:5071""""/api/Booking/bookings""" - 200 null "application/json; charset=utf-8" 204.9415ms
2026-06-03 21:02:04 [Information] Request finished "HTTP/1.1" "GET" "http"://"localhost:5071""""/api/Booking/rooms""" - 200 null "application/json; charset=utf-8" 204.9413ms
2026-06-03 21:02:04 [Information] 📋 Запрос списка бронирований
2026-06-03 21:02:04 [Information] Executed DbCommand ("0"ms) [Parameters=[""], CommandType='Text', CommandTimeout='30']"
""SELECT \"b\".\"Id\", \"b\".\"BookingId\", \"b\".\"CheckIn\", \"b\".\"CheckOut\", \"b\".\"CreatedAt\", \"b\".\"GuestEmail\", \"b\".\"GuestName\", \"b\".\"RoomId\", \"b\".\"Status\", \"b\".\"TotalAmount\"
FROM \"Bookings\" AS \"b\""
2026-06-03 21:02:04 [Information] ✅ Успешно загружено 18 бронирований
2026-06-03 21:02:04 [Information] Executing "OkObjectResult", writing value of type '"System.Collections.Generic.List`1[[IntegrationService.Models.Booking, IntegrationService, Version=1.0.0.0, Culture=neutral, PublicKeyToken=null]]"'.
2026-06-03 21:02:04 [Information] Executed action "HotelBooking.API.Controllers.BookingController.GetBookings (HotelBooking.API)" in 42.3373ms
2026-06-03 21:02:04 [Information] Executed endpoint '"HotelBooking.API.Controllers.BookingController.GetBookings (HotelBooking.API)"'
2026-06-03 21:02:04 [Information] Request finished "HTTP/1.1" "GET" "http"://"localhost:5071""""/api/Booking/bookings""" - 200 null "application/json; charset=utf-8" 49.2519ms
2026-06-03 21:18:45.312 +03:00 [INF] Executed DbCommand (6ms) [Parameters=[], CommandType='"Text"', CommandTimeout='30']
SELECT COUNT(*) FROM "sqlite_master" WHERE "type" = 'table' AND "rootpage" IS NOT NULL;
2026-06-03 21:18:45.370 +03:00 [INF] Now listening on: http://localhost:5071
2026-06-03 21:18:45.372 +03:00 [INF] Application started. Press Ctrl+C to shut down.
2026-06-03 21:18:45.373 +03:00 [INF] Hosting environment: Development
2026-06-03 21:18:45.373 +03:00 [INF] Content root path: C:\Users\fahre\hotel-booking-integration\HotelBooking.API
2026-06-03 21:19:12.704 +03:00 [INF] Request starting HTTP/1.1 GET http://localhost:5071/ - null null
2026-06-03 21:19:12.733 +03:00 [INF] Sending file. Request path: '/index.html'. Physical path: 'C:\Users\fahre\hotel-booking-integration\HotelBooking.API\wwwroot\index.html'
2026-06-03 21:19:12.735 +03:00 [INF] Request finished HTTP/1.1 GET http://localhost:5071/index.html - 200 8417 text/html 32.1914ms
2026-06-03 21:19:12.904 +03:00 [INF] Request starting HTTP/1.1 GET http://localhost:5071/api/Booking/rooms - null null
2026-06-03 21:19:12.904 +03:00 [INF] Request starting HTTP/1.1 GET http://localhost:5071/api/Booking/bookings - null null
2026-06-03 21:19:12.909 +03:00 [WRN] Failed to determine the https port for redirect.
2026-06-03 21:19:12.912 +03:00 [INF] Executing endpoint 'HotelBooking.API.Controllers.BookingController.GetBookings (HotelBooking.API)'
2026-06-03 21:19:12.913 +03:00 [INF] Executing endpoint 'HotelBooking.API.Controllers.BookingController.GetRooms (HotelBooking.API)'
2026-06-03 21:19:12.929 +03:00 [INF] Route matched with {action = "GetBookings", controller = "Booking"}. Executing controller action with signature System.Threading.Tasks.Task`1[Microsoft.AspNetCore.Mvc.IActionResult] GetBookings() on controller HotelBooking.API.Controllers.BookingController (HotelBooking.API).
2026-06-03 21:19:12.929 +03:00 [INF] Route matched with {action = "GetRooms", controller = "Booking"}. Executing controller action with signature System.Threading.Tasks.Task`1[Microsoft.AspNetCore.Mvc.IActionResult] GetRooms() on controller HotelBooking.API.Controllers.BookingController (HotelBooking.API).
2026-06-03 21:19:12.937 +03:00 [INF] 📋 Запрос списка бронирований
2026-06-03 21:19:12.937 +03:00 [INF] 📋 Запрос списка номеров
2026-06-03 21:19:13.043 +03:00 [INF] Executed DbCommand (2ms) [Parameters=[], CommandType='"Text"', CommandTimeout='30']
SELECT "r"."Id", "r"."Capacity", "r"."HotelId", "r"."IsAvailable", "r"."PricePerNight", "r"."RoomId", "r"."Type"
FROM "Rooms" AS "r"
2026-06-03 21:19:13.043 +03:00 [INF] Executed DbCommand (1ms) [Parameters=[], CommandType='"Text"', CommandTimeout='30']
SELECT "b"."Id", "b"."BookingId", "b"."CheckIn", "b"."CheckOut", "b"."CreatedAt", "b"."GuestEmail", "b"."GuestName", "b"."RoomId", "b"."Status", "b"."TotalAmount"
FROM "Bookings" AS "b"
2026-06-03 21:19:13.051 +03:00 [INF] Request starting HTTP/1.1 GET http://localhost:5071/favicon.ico - null null
2026-06-03 21:19:13.055 +03:00 [INF] Request finished HTTP/1.1 GET http://localhost:5071/favicon.ico - 404 0 null 4.3155ms
2026-06-03 21:19:13.058 +03:00 [INF] Request reached the end of the middleware pipeline without being handled by application code. Request path: GET http://localhost:5071/favicon.ico, Response status code: 404
2026-06-03 21:19:13.089 +03:00 [INF] ✅ Успешно загружено 1 номеров
2026-06-03 21:19:13.089 +03:00 [INF] ✅ Успешно загружено 18 бронирований
2026-06-03 21:19:13.092 +03:00 [INF] Executing OkObjectResult, writing value of type 'System.Collections.Generic.List`1[[IntegrationService.Models.Booking, IntegrationService, Version=1.0.0.0, Culture=neutral, PublicKeyToken=null]]'.
2026-06-03 21:19:13.092 +03:00 [INF] Executing OkObjectResult, writing value of type 'System.Collections.Generic.List`1[[IntegrationService.Models.Room, IntegrationService, Version=1.0.0.0, Culture=neutral, PublicKeyToken=null]]'.
2026-06-03 21:19:13.130 +03:00 [INF] Request starting HTTP/1.1 GET http://localhost:5071/api/Booking/bookings - null null
2026-06-03 21:19:13.132 +03:00 [INF] Executing endpoint 'HotelBooking.API.Controllers.BookingController.GetBookings (HotelBooking.API)'
2026-06-03 21:19:13.132 +03:00 [INF] Executed action HotelBooking.API.Controllers.BookingController.GetRooms (HotelBooking.API) in 198.9553ms
2026-06-03 21:19:13.132 +03:00 [INF] Executed action HotelBooking.API.Controllers.BookingController.GetBookings (HotelBooking.API) in 199.7751ms
2026-06-03 21:19:13.133 +03:00 [INF] Route matched with {action = "GetBookings", controller = "Booking"}. Executing controller action with signature System.Threading.Tasks.Task`1[Microsoft.AspNetCore.Mvc.IActionResult] GetBookings() on controller HotelBooking.API.Controllers.BookingController (HotelBooking.API).
2026-06-03 21:19:13.134 +03:00 [INF] Executed endpoint 'HotelBooking.API.Controllers.BookingController.GetRooms (HotelBooking.API)'
2026-06-03 21:19:13.134 +03:00 [INF] Executed endpoint 'HotelBooking.API.Controllers.BookingController.GetBookings (HotelBooking.API)'
2026-06-03 21:19:13.137 +03:00 [INF] 📋 Запрос списка бронирований
2026-06-03 21:19:13.139 +03:00 [INF] Request finished HTTP/1.1 GET http://localhost:5071/api/Booking/rooms - 200 null application/json; charset=utf-8 234.4505ms
2026-06-03 21:19:13.139 +03:00 [INF] Request finished HTTP/1.1 GET http://localhost:5071/api/Booking/bookings - 200 null application/json; charset=utf-8 234.4542ms
2026-06-03 21:19:13.194 +03:00 [INF] Executed DbCommand (0ms) [Parameters=[], CommandType='"Text"', CommandTimeout='30']
SELECT "b"."Id", "b"."BookingId", "b"."CheckIn", "b"."CheckOut", "b"."CreatedAt", "b"."GuestEmail", "b"."GuestName", "b"."RoomId", "b"."Status", "b"."TotalAmount"
FROM "Bookings" AS "b"
2026-06-03 21:19:13.196 +03:00 [INF] ✅ Успешно загружено 18 бронирований
2026-06-03 21:19:13.197 +03:00 [INF] Executing OkObjectResult, writing value of type 'System.Collections.Generic.List`1[[IntegrationService.Models.Booking, IntegrationService, Version=1.0.0.0, Culture=neutral, PublicKeyToken=null]]'.
2026-06-03 21:19:13.199 +03:00 [INF] Executed action HotelBooking.API.Controllers.BookingController.GetBookings (HotelBooking.API) in 63.3861ms
2026-06-03 21:19:13.200 +03:00 [INF] Executed endpoint 'HotelBooking.API.Controllers.BookingController.GetBookings (HotelBooking.API)'
2026-06-03 21:19:13.201 +03:00 [INF] Request finished HTTP/1.1 GET http://localhost:5071/api/Booking/bookings - 200 null application/json; charset=utf-8 70.8372ms
2026-06-03 21:20:12.551 +03:00 [INF] Request starting HTTP/1.1 GET http://localhost:5071/ - null null
2026-06-03 21:20:12.554 +03:00 [INF] The file /index.html was not modified
2026-06-03 21:20:12.555 +03:00 [INF] Request finished HTTP/1.1 GET http://localhost:5071/index.html - 304 null text/html 4.2438ms
2026-06-03 21:20:12.609 +03:00 [INF] Request starting HTTP/1.1 GET http://localhost:5071/api/Booking/rooms - null null
2026-06-03 21:20:12.609 +03:00 [INF] Request starting HTTP/1.1 GET http://localhost:5071/api/Booking/bookings - null null
2026-06-03 21:20:12.610 +03:00 [INF] Executing endpoint 'HotelBooking.API.Controllers.BookingController.GetRooms (HotelBooking.API)'
2026-06-03 21:20:12.611 +03:00 [INF] Executing endpoint 'HotelBooking.API.Controllers.BookingController.GetBookings (HotelBooking.API)'
2026-06-03 21:20:12.612 +03:00 [INF] Route matched with {action = "GetRooms", controller = "Booking"}. Executing controller action with signature System.Threading.Tasks.Task`1[Microsoft.AspNetCore.Mvc.IActionResult] GetRooms() on controller HotelBooking.API.Controllers.BookingController (HotelBooking.API).
2026-06-03 21:20:12.613 +03:00 [INF] Route matched with {action = "GetBookings", controller = "Booking"}. Executing controller action with signature System.Threading.Tasks.Task`1[Microsoft.AspNetCore.Mvc.IActionResult] GetBookings() on controller HotelBooking.API.Controllers.BookingController (HotelBooking.API).
2026-06-03 21:20:12.614 +03:00 [INF] 📋 Запрос списка номеров
2026-06-03 21:20:12.615 +03:00 [INF] 📋 Запрос списка бронирований
2026-06-03 21:20:12.616 +03:00 [INF] Executed DbCommand (0ms) [Parameters=[], CommandType='"Text"', CommandTimeout='30']
SELECT "r"."Id", "r"."Capacity", "r"."HotelId", "r"."IsAvailable", "r"."PricePerNight", "r"."RoomId", "r"."Type"
FROM "Rooms" AS "r"
2026-06-03 21:20:12.616 +03:00 [INF] Executed DbCommand (0ms) [Parameters=[], CommandType='"Text"', CommandTimeout='30']
SELECT "b"."Id", "b"."BookingId", "b"."CheckIn", "b"."CheckOut", "b"."CreatedAt", "b"."GuestEmail", "b"."GuestName", "b"."RoomId", "b"."Status", "b"."TotalAmount"
FROM "Bookings" AS "b"
2026-06-03 21:20:12.617 +03:00 [INF] ✅ Успешно загружено 1 номеров
2026-06-03 21:20:12.619 +03:00 [INF] ✅ Успешно загружено 18 бронирований
2026-06-03 21:20:12.619 +03:00 [INF] Executing OkObjectResult, writing value of type 'System.Collections.Generic.List`1[[IntegrationService.Models.Room, IntegrationService, Version=1.0.0.0, Culture=neutral, PublicKeyToken=null]]'.
2026-06-03 21:20:12.620 +03:00 [INF] Executing OkObjectResult, writing value of type 'System.Collections.Generic.List`1[[IntegrationService.Models.Booking, IntegrationService, Version=1.0.0.0, Culture=neutral, PublicKeyToken=null]]'.
2026-06-03 21:20:12.620 +03:00 [INF] Executed action HotelBooking.API.Controllers.BookingController.GetRooms (HotelBooking.API) in 6.8994ms
2026-06-03 21:20:12.621 +03:00 [INF] Executed action HotelBooking.API.Controllers.BookingController.GetBookings (HotelBooking.API) in 6.7885ms
2026-06-03 21:20:12.622 +03:00 [INF] Executed endpoint 'HotelBooking.API.Controllers.BookingController.GetRooms (HotelBooking.API)'
2026-06-03 21:20:12.622 +03:00 [INF] Request starting HTTP/1.1 GET http://localhost:5071/api/Booking/bookings - null null
2026-06-03 21:20:12.623 +03:00 [INF] Executed endpoint 'HotelBooking.API.Controllers.BookingController.GetBookings (HotelBooking.API)'
2026-06-03 21:20:12.623 +03:00 [INF] Request finished HTTP/1.1 GET http://localhost:5071/api/Booking/rooms - 200 null application/json; charset=utf-8 14.4754ms
2026-06-03 21:20:12.624 +03:00 [INF] Executing endpoint 'HotelBooking.API.Controllers.BookingController.GetBookings (HotelBooking.API)'
2026-06-03 21:20:12.625 +03:00 [INF] Request finished HTTP/1.1 GET http://localhost:5071/api/Booking/bookings - 200 null application/json; charset=utf-8 16.1245ms
2026-06-03 21:20:12.627 +03:00 [INF] Route matched with {action = "GetBookings", controller = "Booking"}. Executing controller action with signature System.Threading.Tasks.Task`1[Microsoft.AspNetCore.Mvc.IActionResult] GetBookings() on controller HotelBooking.API.Controllers.BookingController (HotelBooking.API).
2026-06-03 21:20:12.629 +03:00 [INF] 📋 Запрос списка бронирований
2026-06-03 21:20:12.631 +03:00 [INF] Executed DbCommand (0ms) [Parameters=[], CommandType='"Text"', CommandTimeout='30']
SELECT "b"."Id", "b"."BookingId", "b"."CheckIn", "b"."CheckOut", "b"."CreatedAt", "b"."GuestEmail", "b"."GuestName", "b"."RoomId", "b"."Status", "b"."TotalAmount"
FROM "Bookings" AS "b"
2026-06-03 21:20:12.633 +03:00 [INF] ✅ Успешно загружено 18 бронирований
2026-06-03 21:20:12.633 +03:00 [INF] Executing OkObjectResult, writing value of type 'System.Collections.Generic.List`1[[IntegrationService.Models.Booking, IntegrationService, Version=1.0.0.0, Culture=neutral, PublicKeyToken=null]]'.
2026-06-03 21:20:12.634 +03:00 [INF] Executed action HotelBooking.API.Controllers.BookingController.GetBookings (HotelBooking.API) in 5.1192ms
2026-06-03 21:20:12.635 +03:00 [INF] Executed endpoint 'HotelBooking.API.Controllers.BookingController.GetBookings (HotelBooking.API)'
2026-06-03 21:20:12.636 +03:00 [INF] Request finished HTTP/1.1 GET http://localhost:5071/api/Booking/bookings - 200 null application/json; charset=utf-8 13.3975ms
2026-06-03 21:21:02.196 +03:00 [INF] Application is shutting down...
2026-06-03 21:21:40.172 +03:00 [INF] Executed DbCommand (6ms) [Parameters=[], CommandType='"Text"', CommandTimeout='30']
SELECT COUNT(*) FROM "sqlite_master" WHERE "type" = 'table' AND "rootpage" IS NOT NULL;
2026-06-03 21:21:40.230 +03:00 [INF] Now listening on: http://localhost:5071
2026-06-03 21:21:40.232 +03:00 [INF] Application started. Press Ctrl+C to shut down.
2026-06-03 21:21:40.233 +03:00 [INF] Hosting environment: Development
2026-06-03 21:21:40.234 +03:00 [INF] Content root path: C:\Users\fahre\hotel-booking-integration\HotelBooking.API
2026-06-03 21:21:47.494 +03:00 [INF] Request starting HTTP/1.1 GET http://localhost:5071/ - null null
2026-06-03 21:21:47.526 +03:00 [INF] Sending file. Request path: '/index.html'. Physical path: 'C:\Users\fahre\hotel-booking-integration\HotelBooking.API\wwwroot\index.html'
2026-06-03 21:21:47.528 +03:00 [INF] Request finished HTTP/1.1 GET http://localhost:5071/index.html - 200 8417 text/html 34.7272ms
2026-06-03 21:21:47.708 +03:00 [INF] Request starting HTTP/1.1 GET http://localhost:5071/api/Booking/rooms - null null
2026-06-03 21:21:47.709 +03:00 [INF] Request starting HTTP/1.1 GET http://localhost:5071/api/Booking/bookings - null null
2026-06-03 21:21:47.710 +03:00 [INF] Request starting HTTP/1.1 GET http://localhost:5071/favicon.ico - null null
2026-06-03 21:21:47.715 +03:00 [WRN] Failed to determine the https port for redirect.
2026-06-03 21:21:47.717 +03:00 [INF] Request finished HTTP/1.1 GET http://localhost:5071/favicon.ico - 404 0 null 6.4379ms
2026-06-03 21:21:47.718 +03:00 [INF] Executing endpoint 'HotelBooking.API.Controllers.BookingController.GetBookings (HotelBooking.API)'
2026-06-03 21:21:47.718 +03:00 [INF] Executing endpoint 'HotelBooking.API.Controllers.BookingController.GetRooms (HotelBooking.API)'
2026-06-03 21:21:47.719 +03:00 [INF] Request reached the end of the middleware pipeline without being handled by application code. Request path: GET http://localhost:5071/favicon.ico, Response status code: 404
2026-06-03 21:21:47.735 +03:00 [INF] Route matched with {action = "GetBookings", controller = "Booking"}. Executing controller action with signature System.Threading.Tasks.Task`1[Microsoft.AspNetCore.Mvc.IActionResult] GetBookings() on controller HotelBooking.API.Controllers.BookingController (HotelBooking.API).
2026-06-03 21:21:47.735 +03:00 [INF] Route matched with {action = "GetRooms", controller = "Booking"}. Executing controller action with signature System.Threading.Tasks.Task`1[Microsoft.AspNetCore.Mvc.IActionResult] GetRooms() on controller HotelBooking.API.Controllers.BookingController (HotelBooking.API).
2026-06-03 21:21:47.743 +03:00 [INF] 📋 Запрос списка номеров
2026-06-03 21:21:47.743 +03:00 [INF] 📋 Запрос списка бронирований
2026-06-03 21:21:47.842 +03:00 [INF] Executed DbCommand (1ms) [Parameters=[], CommandType='"Text"', CommandTimeout='30']
SELECT "b"."Id", "b"."BookingId", "b"."CheckIn", "b"."CheckOut", "b"."CreatedAt", "b"."GuestEmail", "b"."GuestName", "b"."RoomId", "b"."Status", "b"."TotalAmount"
FROM "Bookings" AS "b"
2026-06-03 21:21:47.842 +03:00 [INF] Executed DbCommand (1ms) [Parameters=[], CommandType='"Text"', CommandTimeout='30']
SELECT "r"."Id", "r"."Capacity", "r"."HotelId", "r"."IsAvailable", "r"."PricePerNight", "r"."RoomId", "r"."Type"
FROM "Rooms" AS "r"
2026-06-03 21:21:47.873 +03:00 [INF] ✅ Успешно загружено 18 бронирований
2026-06-03 21:21:47.873 +03:00 [INF] ✅ Успешно загружено 1 номеров
2026-06-03 21:21:47.876 +03:00 [INF] Executing OkObjectResult, writing value of type 'System.Collections.Generic.List`1[[IntegrationService.Models.Room, IntegrationService, Version=1.0.0.0, Culture=neutral, PublicKeyToken=null]]'.
2026-06-03 21:21:47.876 +03:00 [INF] Executing OkObjectResult, writing value of type 'System.Collections.Generic.List`1[[IntegrationService.Models.Booking, IntegrationService, Version=1.0.0.0, Culture=neutral, PublicKeyToken=null]]'.
2026-06-03 21:21:47.910 +03:00 [INF] Request starting HTTP/1.1 GET http://localhost:5071/api/Booking/bookings - null null
2026-06-03 21:21:47.912 +03:00 [INF] Executing endpoint 'HotelBooking.API.Controllers.BookingController.GetBookings (HotelBooking.API)'
2026-06-03 21:21:47.913 +03:00 [INF] Executed action HotelBooking.API.Controllers.BookingController.GetRooms (HotelBooking.API) in 173.8567ms
2026-06-03 21:21:47.913 +03:00 [INF] Executed action HotelBooking.API.Controllers.BookingController.GetBookings (HotelBooking.API) in 174.957ms
2026-06-03 21:21:47.913 +03:00 [INF] Route matched with {action = "GetBookings", controller = "Booking"}. Executing controller action with signature System.Threading.Tasks.Task`1[Microsoft.AspNetCore.Mvc.IActionResult] GetBookings() on controller HotelBooking.API.Controllers.BookingController (HotelBooking.API).
2026-06-03 21:21:47.914 +03:00 [INF] Executed endpoint 'HotelBooking.API.Controllers.BookingController.GetRooms (HotelBooking.API)'
2026-06-03 21:21:47.914 +03:00 [INF] Executed endpoint 'HotelBooking.API.Controllers.BookingController.GetBookings (HotelBooking.API)'
2026-06-03 21:21:47.916 +03:00 [INF] 📋 Запрос списка бронирований
2026-06-03 21:21:47.918 +03:00 [INF] Request finished HTTP/1.1 GET http://localhost:5071/api/Booking/rooms - 200 null application/json; charset=utf-8 209.8132ms
2026-06-03 21:21:47.918 +03:00 [INF] Request finished HTTP/1.1 GET http://localhost:5071/api/Booking/bookings - 200 null application/json; charset=utf-8 208.9337ms
2026-06-03 21:21:47.962 +03:00 [INF] Executed DbCommand (0ms) [Parameters=[], CommandType='"Text"', CommandTimeout='30']
SELECT "b"."Id", "b"."BookingId", "b"."CheckIn", "b"."CheckOut", "b"."CreatedAt", "b"."GuestEmail", "b"."GuestName", "b"."RoomId", "b"."Status", "b"."TotalAmount"
FROM "Bookings" AS "b"
2026-06-03 21:21:47.964 +03:00 [INF] ✅ Успешно загружено 18 бронирований
2026-06-03 21:21:47.964 +03:00 [INF] Executing OkObjectResult, writing value of type 'System.Collections.Generic.List`1[[IntegrationService.Models.Booking, IntegrationService, Version=1.0.0.0, Culture=neutral, PublicKeyToken=null]]'.
2026-06-03 21:21:47.965 +03:00 [INF] Executed action HotelBooking.API.Controllers.BookingController.GetBookings (HotelBooking.API) in 50.2075ms
2026-06-03 21:21:47.966 +03:00 [INF] Executed endpoint 'HotelBooking.API.Controllers.BookingController.GetBookings (HotelBooking.API)'
2026-06-03 21:21:47.967 +03:00 [INF] Request finished HTTP/1.1 GET http://localhost:5071/api/Booking/bookings - 200 null application/json; charset=utf-8 56.5424ms
2026-06-03 21:24:04.438 +03:00 [INF] Application is shutting down...
2026-06-03 21:24:08.193 +03:00 [INF] Executed DbCommand (6ms) [Parameters=[], CommandType='"Text"', CommandTimeout='30']
SELECT COUNT(*) FROM "sqlite_master" WHERE "type" = 'table' AND "rootpage" IS NOT NULL;
2026-06-03 21:24:08.254 +03:00 [INF] Now listening on: http://localhost:5071
2026-06-03 21:24:08.256 +03:00 [INF] Application started. Press Ctrl+C to shut down.
2026-06-03 21:24:08.257 +03:00 [INF] Hosting environment: Development
2026-06-03 21:24:08.257 +03:00 [INF] Content root path: C:\Users\fahre\hotel-booking-integration\HotelBooking.API
2026-06-03 21:24:11.987 +03:00 [INF] Request starting HTTP/1.1 GET http://localhost:5071/ - null null
2026-06-03 21:24:12.016 +03:00 [INF] Sending file. Request path: '/index.html'. Physical path: 'C:\Users\fahre\hotel-booking-integration\HotelBooking.API\wwwroot\index.html'
2026-06-03 21:24:12.019 +03:00 [INF] Request finished HTTP/1.1 GET http://localhost:5071/index.html - 200 8417 text/html 32.5934ms
2026-06-03 21:24:12.285 +03:00 [INF] Request starting HTTP/1.1 GET http://localhost:5071/api/Booking/rooms - null null
2026-06-03 21:24:12.286 +03:00 [INF] Request starting HTTP/1.1 GET http://localhost:5071/api/Booking/bookings - null null
2026-06-03 21:24:12.288 +03:00 [INF] Request starting HTTP/1.1 GET http://localhost:5071/favicon.ico - null null
2026-06-03 21:24:12.292 +03:00 [WRN] Failed to determine the https port for redirect.
2026-06-03 21:24:12.294 +03:00 [INF] Request finished HTTP/1.1 GET http://localhost:5071/favicon.ico - 404 0 null 5.9385ms
2026-06-03 21:24:12.296 +03:00 [INF] Executing endpoint 'HotelBooking.API.Controllers.BookingController.GetBookings (HotelBooking.API)'
2026-06-03 21:24:12.296 +03:00 [INF] Executing endpoint 'HotelBooking.API.Controllers.BookingController.GetRooms (HotelBooking.API)'
2026-06-03 21:24:12.297 +03:00 [INF] Request reached the end of the middleware pipeline without being handled by application code. Request path: GET http://localhost:5071/favicon.ico, Response status code: 404
2026-06-03 21:24:12.313 +03:00 [INF] Route matched with {action = "GetBookings", controller = "Booking"}. Executing controller action with signature System.Threading.Tasks.Task`1[Microsoft.AspNetCore.Mvc.IActionResult] GetBookings() on controller HotelBooking.API.Controllers.BookingController (HotelBooking.API).
2026-06-03 21:24:12.313 +03:00 [INF] Route matched with {action = "GetRooms", controller = "Booking"}. Executing controller action with signature System.Threading.Tasks.Task`1[Microsoft.AspNetCore.Mvc.IActionResult] GetRooms() on controller HotelBooking.API.Controllers.BookingController (HotelBooking.API).
2026-06-03 21:24:12.320 +03:00 [INF] 📋 Запрос списка бронирований
2026-06-03 21:24:12.320 +03:00 [INF] 📋 Запрос списка номеров
2026-06-03 21:24:12.422 +03:00 [INF] Executed DbCommand (1ms) [Parameters=[], CommandType='"Text"', CommandTimeout='30']
SELECT "b"."Id", "b"."BookingId", "b"."CheckIn", "b"."CheckOut", "b"."CreatedAt", "b"."GuestEmail", "b"."GuestName", "b"."RoomId", "b"."Status", "b"."TotalAmount"
FROM "Bookings" AS "b"
2026-06-03 21:24:12.422 +03:00 [INF] Executed DbCommand (1ms) [Parameters=[], CommandType='"Text"', CommandTimeout='30']
SELECT "r"."Id", "r"."Capacity", "r"."HotelId", "r"."IsAvailable", "r"."PricePerNight", "r"."RoomId", "r"."Type"
FROM "Rooms" AS "r"
2026-06-03 21:24:12.453 +03:00 [INF] ✅ Успешно загружено 1 номеров
2026-06-03 21:24:12.453 +03:00 [INF] ✅ Успешно загружено 18 бронирований
2026-06-03 21:24:12.456 +03:00 [INF] Executing OkObjectResult, writing value of type 'System.Collections.Generic.List`1[[IntegrationService.Models.Room, IntegrationService, Version=1.0.0.0, Culture=neutral, PublicKeyToken=null]]'.
2026-06-03 21:24:12.456 +03:00 [INF] Executing OkObjectResult, writing value of type 'System.Collections.Generic.List`1[[IntegrationService.Models.Booking, IntegrationService, Version=1.0.0.0, Culture=neutral, PublicKeyToken=null]]'.
2026-06-03 21:24:12.491 +03:00 [INF] Request starting HTTP/1.1 GET http://localhost:5071/api/Booking/bookings - null null
2026-06-03 21:24:12.493 +03:00 [INF] Executing endpoint 'HotelBooking.API.Controllers.BookingController.GetBookings (HotelBooking.API)'
2026-06-03 21:24:12.493 +03:00 [INF] Executed action HotelBooking.API.Controllers.BookingController.GetRooms (HotelBooking.API) in 176.3463ms
2026-06-03 21:24:12.493 +03:00 [INF] Executed action HotelBooking.API.Controllers.BookingController.GetBookings (HotelBooking.API) in 177.3806ms
2026-06-03 21:24:12.494 +03:00 [INF] Route matched with {action = "GetBookings", controller = "Booking"}. Executing controller action with signature System.Threading.Tasks.Task`1[Microsoft.AspNetCore.Mvc.IActionResult] GetBookings() on controller HotelBooking.API.Controllers.BookingController (HotelBooking.API).
2026-06-03 21:24:12.494 +03:00 [INF] Executed endpoint 'HotelBooking.API.Controllers.BookingController.GetRooms (HotelBooking.API)'
2026-06-03 21:24:12.495 +03:00 [INF] Executed endpoint 'HotelBooking.API.Controllers.BookingController.GetBookings (HotelBooking.API)'
2026-06-03 21:24:12.497 +03:00 [INF] 📋 Запрос списка бронирований
2026-06-03 21:24:12.499 +03:00 [INF] Request finished HTTP/1.1 GET http://localhost:5071/api/Booking/bookings - 200 null application/json; charset=utf-8 212.829ms
2026-06-03 21:24:12.499 +03:00 [INF] Request finished HTTP/1.1 GET http://localhost:5071/api/Booking/rooms - 200 null application/json; charset=utf-8 213.6547ms
2026-06-03 21:24:12.541 +03:00 [INF] Executed DbCommand (0ms) [Parameters=[], CommandType='"Text"', CommandTimeout='30']
SELECT "b"."Id", "b"."BookingId", "b"."CheckIn", "b"."CheckOut", "b"."CreatedAt", "b"."GuestEmail", "b"."GuestName", "b"."RoomId", "b"."Status", "b"."TotalAmount"
FROM "Bookings" AS "b"
2026-06-03 21:24:12.542 +03:00 [INF] ✅ Успешно загружено 18 бронирований
2026-06-03 21:24:12.543 +03:00 [INF] Executing OkObjectResult, writing value of type 'System.Collections.Generic.List`1[[IntegrationService.Models.Booking, IntegrationService, Version=1.0.0.0, Culture=neutral, PublicKeyToken=null]]'.
2026-06-03 21:24:12.545 +03:00 [INF] Executed action HotelBooking.API.Controllers.BookingController.GetBookings (HotelBooking.API) in 49.1077ms
2026-06-03 21:24:12.546 +03:00 [INF] Executed endpoint 'HotelBooking.API.Controllers.BookingController.GetBookings (HotelBooking.API)'
2026-06-03 21:24:12.547 +03:00 [INF] Request finished HTTP/1.1 GET http://localhost:5071/api/Booking/bookings - 200 null application/json; charset=utf-8 55.5131ms
2026-06-03 21:25:21.091 +03:00 [INF] Application is shutting down...
2026-06-03 21:25:24.553 +03:00 [INF] Executed DbCommand (6ms) [Parameters=[], CommandType='"Text"', CommandTimeout='30']
SELECT COUNT(*) FROM "sqlite_master" WHERE "type" = 'table' AND "rootpage" IS NOT NULL;
2026-06-03 21:25:24.613 +03:00 [INF] Now listening on: http://localhost:5071
2026-06-03 21:25:24.616 +03:00 [INF] Application started. Press Ctrl+C to shut down.
2026-06-03 21:25:24.616 +03:00 [INF] Hosting environment: Development
2026-06-03 21:25:24.617 +03:00 [INF] Content root path: C:\Users\fahre\hotel-booking-integration\HotelBooking.API
2026-06-03 21:25:28.340 +03:00 [INF] Request starting HTTP/1.1 GET http://localhost:5071/ - null null
2026-06-03 21:25:28.370 +03:00 [INF] Sending file. Request path: '/index.html'. Physical path: 'C:\Users\fahre\hotel-booking-integration\HotelBooking.API\wwwroot\index.html'
2026-06-03 21:25:28.373 +03:00 [INF] Request finished HTTP/1.1 GET http://localhost:5071/index.html - 200 8417 text/html 34.106ms
2026-06-03 21:25:43.722 +03:00 [INF] Request starting HTTP/1.1 GET http://localhost:5071/api/Booking/bookings - null null
2026-06-03 21:25:43.722 +03:00 [INF] Request starting HTTP/1.1 GET http://localhost:5071/api/Booking/rooms - null null
2026-06-03 21:25:43.724 +03:00 [INF] Request starting HTTP/1.1 GET http://localhost:5071/favicon.ico - null null
2026-06-03 21:25:43.728 +03:00 [WRN] Failed to determine the https port for redirect.
2026-06-03 21:25:43.730 +03:00 [INF] Request finished HTTP/1.1 GET http://localhost:5071/favicon.ico - 404 0 null 6.2178ms
2026-06-03 21:25:43.731 +03:00 [INF] Executing endpoint 'HotelBooking.API.Controllers.BookingController.GetBookings (HotelBooking.API)'
2026-06-03 21:25:43.732 +03:00 [INF] Executing endpoint 'HotelBooking.API.Controllers.BookingController.GetRooms (HotelBooking.API)'
2026-06-03 21:25:43.733 +03:00 [INF] Request reached the end of the middleware pipeline without being handled by application code. Request path: GET http://localhost:5071/favicon.ico, Response status code: 404
2026-06-03 21:25:43.749 +03:00 [INF] Route matched with {action = "GetRooms", controller = "Booking"}. Executing controller action with signature System.Threading.Tasks.Task`1[Microsoft.AspNetCore.Mvc.IActionResult] GetRooms() on controller HotelBooking.API.Controllers.BookingController (HotelBooking.API).
2026-06-03 21:25:43.749 +03:00 [INF] Route matched with {action = "GetBookings", controller = "Booking"}. Executing controller action with signature System.Threading.Tasks.Task`1[Microsoft.AspNetCore.Mvc.IActionResult] GetBookings() on controller HotelBooking.API.Controllers.BookingController (HotelBooking.API).
2026-06-03 21:25:43.756 +03:00 [INF] 📋 Запрос списка номеров
2026-06-03 21:25:43.756 +03:00 [INF] 📋 Запрос списка бронирований
2026-06-03 21:25:43.855 +03:00 [INF] Executed DbCommand (1ms) [Parameters=[], CommandType='"Text"', CommandTimeout='30']
SELECT "r"."Id", "r"."Capacity", "r"."HotelId", "r"."IsAvailable", "r"."PricePerNight", "r"."RoomId", "r"."Type"
FROM "Rooms" AS "r"
2026-06-03 21:25:43.855 +03:00 [INF] Executed DbCommand (1ms) [Parameters=[], CommandType='"Text"', CommandTimeout='30']
SELECT "b"."Id", "b"."BookingId", "b"."CheckIn", "b"."CheckOut", "b"."CreatedAt", "b"."GuestEmail", "b"."GuestName", "b"."RoomId", "b"."Status", "b"."TotalAmount"
FROM "Bookings" AS "b"
2026-06-03 21:25:43.886 +03:00 [INF] ✅ Успешно загружено 18 бронирований
2026-06-03 21:25:43.886 +03:00 [INF] ✅ Успешно загружено 1 номеров
2026-06-03 21:25:43.889 +03:00 [INF] Executing OkObjectResult, writing value of type 'System.Collections.Generic.List`1[[IntegrationService.Models.Room, IntegrationService, Version=1.0.0.0, Culture=neutral, PublicKeyToken=null]]'.
2026-06-03 21:25:43.889 +03:00 [INF] Executing OkObjectResult, writing value of type 'System.Collections.Generic.List`1[[IntegrationService.Models.Booking, IntegrationService, Version=1.0.0.0, Culture=neutral, PublicKeyToken=null]]'.
2026-06-03 21:25:43.935 +03:00 [INF] Request starting HTTP/1.1 GET http://localhost:5071/api/Booking/bookings - null null
2026-06-03 21:25:43.937 +03:00 [INF] Executing endpoint 'HotelBooking.API.Controllers.BookingController.GetBookings (HotelBooking.API)'
2026-06-03 21:25:43.937 +03:00 [INF] Executed action HotelBooking.API.Controllers.BookingController.GetBookings (HotelBooking.API) in 183.9308ms
2026-06-03 21:25:43.937 +03:00 [INF] Executed action HotelBooking.API.Controllers.BookingController.GetRooms (HotelBooking.API) in 184.7134ms
2026-06-03 21:25:43.937 +03:00 [INF] Route matched with {action = "GetBookings", controller = "Booking"}. Executing controller action with signature System.Threading.Tasks.Task`1[Microsoft.AspNetCore.Mvc.IActionResult] GetBookings() on controller HotelBooking.API.Controllers.BookingController (HotelBooking.API).
2026-06-03 21:25:43.938 +03:00 [INF] Executed endpoint 'HotelBooking.API.Controllers.BookingController.GetBookings (HotelBooking.API)'
2026-06-03 21:25:43.938 +03:00 [INF] Executed endpoint 'HotelBooking.API.Controllers.BookingController.GetRooms (HotelBooking.API)'
2026-06-03 21:25:43.941 +03:00 [INF] 📋 Запрос списка бронирований
2026-06-03 21:25:43.942 +03:00 [INF] Request finished HTTP/1.1 GET http://localhost:5071/api/Booking/rooms - 200 null application/json; charset=utf-8 220.6628ms
2026-06-03 21:25:43.942 +03:00 [INF] Request finished HTTP/1.1 GET http://localhost:5071/api/Booking/bookings - 200 null application/json; charset=utf-8 220.6592ms
2026-06-03 21:25:43.980 +03:00 [INF] Executed DbCommand (0ms) [Parameters=[], CommandType='"Text"', CommandTimeout='30']
SELECT "b"."Id", "b"."BookingId", "b"."CheckIn", "b"."CheckOut", "b"."CreatedAt", "b"."GuestEmail", "b"."GuestName", "b"."RoomId", "b"."Status", "b"."TotalAmount"
FROM "Bookings" AS "b"
2026-06-03 21:25:43.981 +03:00 [INF] ✅ Успешно загружено 18 бронирований
2026-06-03 21:25:43.982 +03:00 [INF] Executing OkObjectResult, writing value of type 'System.Collections.Generic.List`1[[IntegrationService.Models.Booking, IntegrationService, Version=1.0.0.0, Culture=neutral, PublicKeyToken=null]]'.
2026-06-03 21:25:43.983 +03:00 [INF] Executed action HotelBooking.API.Controllers.BookingController.GetBookings (HotelBooking.API) in 43.8009ms
2026-06-03 21:25:43.984 +03:00 [INF] Executed endpoint 'HotelBooking.API.Controllers.BookingController.GetBookings (HotelBooking.API)'
2026-06-03 21:25:43.984 +03:00 [INF] Request finished HTTP/1.1 GET http://localhost:5071/api/Booking/bookings - 200 null application/json; charset=utf-8 49.8968ms
2026-06-03 21:26:50.002 +03:00 [INF] Application is shutting down...
2026-06-03 21:27:38.934 +03:00 [INF] Executed DbCommand (6ms) [Parameters=[], CommandType='"Text"', CommandTimeout='30']
SELECT COUNT(*) FROM "sqlite_master" WHERE "type" = 'table' AND "rootpage" IS NOT NULL;
2026-06-03 21:27:38.993 +03:00 [INF] Now listening on: http://localhost:5071
2026-06-03 21:27:38.995 +03:00 [INF] Application started. Press Ctrl+C to shut down.
2026-06-03 21:27:38.996 +03:00 [INF] Hosting environment: Development
2026-06-03 21:27:38.996 +03:00 [INF] Content root path: C:\Users\fahre\hotel-booking-integration\HotelBooking.API
2026-06-03 21:27:49.290 +03:00 [INF] Application is shutting down...
2026-06-03 21:27:59.298 +03:00 [INF] Executed DbCommand (5ms) [Parameters=[], CommandType='"Text"', CommandTimeout='30']
SELECT COUNT(*) FROM "sqlite_master" WHERE "type" = 'table' AND "rootpage" IS NOT NULL;
2026-06-03 21:27:59.356 +03:00 [INF] Now listening on: http://localhost:5071
2026-06-03 21:27:59.358 +03:00 [INF] Application started. Press Ctrl+C to shut down.
2026-06-03 21:27:59.359 +03:00 [INF] Hosting environment: Development
2026-06-03 21:27:59.360 +03:00 [INF] Content root path: C:\Users\fahre\hotel-booking-integration\HotelBooking.API
2026-06-03 21:28:01.011 +03:00 [INF] Request starting HTTP/1.1 GET http://localhost:5071/api/Booking/rooms - null null
2026-06-03 21:28:01.011 +03:00 [INF] Request starting HTTP/1.1 GET http://localhost:5071/api/Booking/bookings - null null
2026-06-03 21:28:01.035 +03:00 [WRN] Failed to determine the https port for redirect.
2026-06-03 21:28:01.037 +03:00 [INF] Executing endpoint 'HotelBooking.API.Controllers.BookingController.GetBookings (HotelBooking.API)'
2026-06-03 21:28:01.037 +03:00 [INF] Executing endpoint 'HotelBooking.API.Controllers.BookingController.GetRooms (HotelBooking.API)'
2026-06-03 21:28:01.052 +03:00 [INF] Route matched with {action = "GetBookings", controller = "Booking"}. Executing controller action with signature System.Threading.Tasks.Task`1[Microsoft.AspNetCore.Mvc.IActionResult] GetBookings() on controller HotelBooking.API.Controllers.BookingController (HotelBooking.API).
2026-06-03 21:28:01.052 +03:00 [INF] Route matched with {action = "GetRooms", controller = "Booking"}. Executing controller action with signature System.Threading.Tasks.Task`1[Microsoft.AspNetCore.Mvc.IActionResult] GetRooms() on controller HotelBooking.API.Controllers.BookingController (HotelBooking.API).
2026-06-03 21:28:01.059 +03:00 [INF] 📋 Запрос списка номеров
2026-06-03 21:28:01.059 +03:00 [INF] 📋 Запрос списка бронирований
2026-06-03 21:28:01.157 +03:00 [INF] Executed DbCommand (1ms) [Parameters=[], CommandType='"Text"', CommandTimeout='30']
SELECT "r"."Id", "r"."Capacity", "r"."HotelId", "r"."IsAvailable", "r"."PricePerNight", "r"."RoomId", "r"."Type"
FROM "Rooms" AS "r"
2026-06-03 21:28:01.157 +03:00 [INF] Executed DbCommand (1ms) [Parameters=[], CommandType='"Text"', CommandTimeout='30']
SELECT "b"."Id", "b"."BookingId", "b"."CheckIn", "b"."CheckOut", "b"."CreatedAt", "b"."GuestEmail", "b"."GuestName", "b"."RoomId", "b"."Status", "b"."TotalAmount"
FROM "Bookings" AS "b"
2026-06-03 21:28:01.190 +03:00 [INF] ✅ Успешно загружено 18 бронирований
2026-06-03 21:28:01.190 +03:00 [INF] ✅ Успешно загружено 1 номеров
2026-06-03 21:28:01.194 +03:00 [INF] Executing OkObjectResult, writing value of type 'System.Collections.Generic.List`1[[IntegrationService.Models.Booking, IntegrationService, Version=1.0.0.0, Culture=neutral, PublicKeyToken=null]]'.
2026-06-03 21:28:01.194 +03:00 [INF] Executing OkObjectResult, writing value of type 'System.Collections.Generic.List`1[[IntegrationService.Models.Room, IntegrationService, Version=1.0.0.0, Culture=neutral, PublicKeyToken=null]]'.
2026-06-03 21:28:01.232 +03:00 [INF] Request starting HTTP/1.1 GET http://localhost:5071/api/Booking/bookings - null null
2026-06-03 21:28:01.232 +03:00 [INF] Executed action HotelBooking.API.Controllers.BookingController.GetBookings (HotelBooking.API) in 177.8664ms
2026-06-03 21:28:01.232 +03:00 [INF] Executed action HotelBooking.API.Controllers.BookingController.GetRooms (HotelBooking.API) in 176.9078ms
2026-06-03 21:28:01.234 +03:00 [INF] Executed endpoint 'HotelBooking.API.Controllers.BookingController.GetBookings (HotelBooking.API)'
2026-06-03 21:28:01.234 +03:00 [INF] Executing endpoint 'HotelBooking.API.Controllers.BookingController.GetBookings (HotelBooking.API)'
2026-06-03 21:28:01.235 +03:00 [INF] Executed endpoint 'HotelBooking.API.Controllers.BookingController.GetRooms (HotelBooking.API)'
2026-06-03 21:28:01.236 +03:00 [INF] Route matched with {action = "GetBookings", controller = "Booking"}. Executing controller action with signature System.Threading.Tasks.Task`1[Microsoft.AspNetCore.Mvc.IActionResult] GetBookings() on controller HotelBooking.API.Controllers.BookingController (HotelBooking.API).
2026-06-03 21:28:01.238 +03:00 [INF] 📋 Запрос списка бронирований
2026-06-03 21:28:01.238 +03:00 [INF] Request finished HTTP/1.1 GET http://localhost:5071/api/Booking/bookings - 200 null application/json; charset=utf-8 228.6704ms
2026-06-03 21:28:01.238 +03:00 [INF] Request finished HTTP/1.1 GET http://localhost:5071/api/Booking/rooms - 200 null application/json; charset=utf-8 228.6699ms
2026-06-03 21:28:01.273 +03:00 [INF] Executed DbCommand (0ms) [Parameters=[], CommandType='"Text"', CommandTimeout='30']
SELECT "b"."Id", "b"."BookingId", "b"."CheckIn", "b"."CheckOut", "b"."CreatedAt", "b"."GuestEmail", "b"."GuestName", "b"."RoomId", "b"."Status", "b"."TotalAmount"
FROM "Bookings" AS "b"
2026-06-03 21:28:01.274 +03:00 [INF] ✅ Успешно загружено 18 бронирований
2026-06-03 21:28:01.275 +03:00 [INF] Executing OkObjectResult, writing value of type 'System.Collections.Generic.List`1[[IntegrationService.Models.Booking, IntegrationService, Version=1.0.0.0, Culture=neutral, PublicKeyToken=null]]'.
2026-06-03 21:28:01.276 +03:00 [INF] Executed action HotelBooking.API.Controllers.BookingController.GetBookings (HotelBooking.API) in 38.7733ms
2026-06-03 21:28:01.277 +03:00 [INF] Executed endpoint 'HotelBooking.API.Controllers.BookingController.GetBookings (HotelBooking.API)'
2026-06-03 21:28:01.277 +03:00 [INF] Request finished HTTP/1.1 GET http://localhost:5071/api/Booking/bookings - 200 null application/json; charset=utf-8 45.3335ms
2026-06-03 21:28:22.265 +03:00 [INF] Request starting HTTP/1.1 POST http://localhost:5071/api/Booking/book - application/json 106
2026-06-03 21:28:22.267 +03:00 [INF] Executing endpoint 'HotelBooking.API.Controllers.BookingController.CreateBooking (HotelBooking.API)'
2026-06-03 21:28:22.273 +03:00 [INF] Route matched with {action = "CreateBooking", controller = "Booking"}. Executing controller action with signature System.Threading.Tasks.Task`1[Microsoft.AspNetCore.Mvc.IActionResult] CreateBooking(HotelBooking.API.Controllers.CreateBookingRequest) on controller HotelBooking.API.Controllers.BookingController (HotelBooking.API).
2026-06-03 21:28:22.289 +03:00 [INF] 📝 ЗАПРОС НА БРОНИРОВАНИЕ: RoomId=r_101, Guest=TESTS, Email=TEST@, Dates="2026-06-10T00:00:00.0000000"→"2026-06-15T00:00:00.0000000"
2026-06-03 21:28:22.297 +03:00 [INF] 🔄 Выполнение бронирования через Saga...
2026-06-03 21:28:22.299 +03:00 [INF] ========== НАЧАЛО СКВОЗНОГО СЦЕНАРИЯ ==========
2026-06-03 21:28:22.299 +03:00 [INF] 1️⃣ Гость выбирает номер: r_101
2026-06-03 21:28:22.300 +03:00 [INF] 2️⃣ Проверка доступности номера...
2026-06-03 21:28:22.341 +03:00 [INF] Executed DbCommand (2ms) [Parameters=[@__roomId_0='?' (Size = 5)], CommandType='"Text"', CommandTimeout='30']
SELECT "r"."Id", "r"."Capacity", "r"."HotelId", "r"."IsAvailable", "r"."PricePerNight", "r"."RoomId", "r"."Type"
FROM "Rooms" AS "r"
WHERE "r"."RoomId" = @__roomId_0
LIMIT 1
2026-06-03 21:28:22.342 +03:00 [INF]    ✅ Номер доступен
2026-06-03 21:28:22.343 +03:00 [INF] 3️⃣ Создание бронирования...
2026-06-03 21:28:22.397 +03:00 [INF] Executed DbCommand (0ms) [Parameters=[@p0='?' (Size = 36), @p1='?' (DbType = DateTime), @p2='?' (DbType = DateTime), @p3='?' (DbType = DateTime), @p4='?' (Size = 5), @p5='?' (Size = 5), @p6='?' (Size = 5), @p7='?' (Size = 7), @p8='?' (DbType = Decimal)], CommandType='"Text"', CommandTimeout='30']
INSERT INTO "Bookings" ("BookingId", "CheckIn", "CheckOut", "CreatedAt", "GuestEmail", "GuestName", "RoomId", "Status", "TotalAmount")
VALUES (@p0, @p1, @p2, @p3, @p4, @p5, @p6, @p7, @p8)
RETURNING "Id";
2026-06-03 21:28:22.416 +03:00 [INF]    ✅ Бронирование создано: BookingId=3b0577b8-6b5f-43c0-825d-0514bc282ff2, Сумма=40000.0 руб
2026-06-03 21:28:22.417 +03:00 [INF] 4️⃣ Обработка оплаты...
2026-06-03 21:28:22.437 +03:00 [INF] Executed DbCommand (0ms) [Parameters=[@p1='?' (DbType = Int32), @p0='?' (Size = 9)], CommandType='"Text"', CommandTimeout='30']
UPDATE "Bookings" SET "Status" = @p0
WHERE "Id" = @p1
RETURNING 1;
2026-06-03 21:28:22.439 +03:00 [INF] Executed DbCommand (0ms) [Parameters=[@p0='?' (DbType = Decimal), @p1='?' (Size = 36), @p2='?' (DbType = DateTime), @p3='?' (Size = 36), @p4='?' (Size = 7)], CommandType='"Text"', CommandTimeout='30']
INSERT INTO "Payments" ("Amount", "BookingId", "PaymentDate", "PaymentId", "Status")
VALUES (@p0, @p1, @p2, @p3, @p4)
RETURNING "Id";
2026-06-03 21:28:22.447 +03:00 [INF]    ✅ Оплата проведена: PaymentId=c7385125-114f-4eae-8b02-f96b5741fa62, Статус=SUCCESS
2026-06-03 21:28:22.448 +03:00 [INF] 5️⃣ Подтверждение бронирования...
2026-06-03 21:28:22.448 +03:00 [INF]    ✅ Бронирование ПОДТВЕРЖДЕНО!
2026-06-03 21:28:22.449 +03:00 [INF] ========== СКВОЗНОЙ СЦЕНАРИЙ ЗАВЕРШЕН УСПЕШНО ==========
2026-06-03 21:28:22.452 +03:00 [INF] Executed DbCommand (0ms) [Parameters=[@__bookingId_0='?' (Size = 36)], CommandType='"Text"', CommandTimeout='30']
SELECT "b"."Id", "b"."BookingId", "b"."CheckIn", "b"."CheckOut", "b"."CreatedAt", "b"."GuestEmail", "b"."GuestName", "b"."RoomId", "b"."Status", "b"."TotalAmount"
FROM "Bookings" AS "b"
WHERE "b"."BookingId" = @__bookingId_0
LIMIT 1
2026-06-03 21:28:22.453 +03:00 [INF] ✅ БРОНИРОВАНИЕ УСПЕШНО ЗАВЕРШЕНО! BookingId=3b0577b8-6b5f-43c0-825d-0514bc282ff2, TotalAmount=40000.0 руб
2026-06-03 21:28:22.455 +03:00 [INF] Executing OkObjectResult, writing value of type '<>f__AnonymousType0`3[[System.Boolean, System.Private.CoreLib, Version=8.0.0.0, Culture=neutral, PublicKeyToken=7cec85d7bea7798e],[System.String, System.Private.CoreLib, Version=8.0.0.0, Culture=neutral, PublicKeyToken=7cec85d7bea7798e],[System.Nullable`1[[System.Decimal, System.Private.CoreLib, Version=8.0.0.0, Culture=neutral, PublicKeyToken=7cec85d7bea7798e]], System.Private.CoreLib, Version=8.0.0.0, Culture=neutral, PublicKeyToken=7cec85d7bea7798e]]'.
2026-06-03 21:28:22.463 +03:00 [INF] Executed action HotelBooking.API.Controllers.BookingController.CreateBooking (HotelBooking.API) in 189.1273ms
2026-06-03 21:28:22.464 +03:00 [INF] Executed endpoint 'HotelBooking.API.Controllers.BookingController.CreateBooking (HotelBooking.API)'
2026-06-03 21:28:22.465 +03:00 [INF] Request finished HTTP/1.1 POST http://localhost:5071/api/Booking/book - 200 null application/json; charset=utf-8 199.282ms
2026-06-03 21:28:23.355 +03:00 [INF] Request starting HTTP/1.1 GET http://localhost:5071/api/Booking/bookings - null null
2026-06-03 21:28:23.357 +03:00 [INF] Executing endpoint 'HotelBooking.API.Controllers.BookingController.GetBookings (HotelBooking.API)'
2026-06-03 21:28:23.357 +03:00 [INF] Route matched with {action = "GetBookings", controller = "Booking"}. Executing controller action with signature System.Threading.Tasks.Task`1[Microsoft.AspNetCore.Mvc.IActionResult] GetBookings() on controller HotelBooking.API.Controllers.BookingController (HotelBooking.API).
2026-06-03 21:28:23.358 +03:00 [INF] 📋 Запрос списка бронирований
2026-06-03 21:28:23.359 +03:00 [INF] Executed DbCommand (0ms) [Parameters=[], CommandType='"Text"', CommandTimeout='30']
SELECT "b"."Id", "b"."BookingId", "b"."CheckIn", "b"."CheckOut", "b"."CreatedAt", "b"."GuestEmail", "b"."GuestName", "b"."RoomId", "b"."Status", "b"."TotalAmount"
FROM "Bookings" AS "b"
2026-06-03 21:28:23.361 +03:00 [INF] ✅ Успешно загружено 19 бронирований
2026-06-03 21:28:23.361 +03:00 [INF] Executing OkObjectResult, writing value of type 'System.Collections.Generic.List`1[[IntegrationService.Models.Booking, IntegrationService, Version=1.0.0.0, Culture=neutral, PublicKeyToken=null]]'.
2026-06-03 21:28:23.362 +03:00 [INF] Executed action HotelBooking.API.Controllers.BookingController.GetBookings (HotelBooking.API) in 3.8156ms
2026-06-03 21:28:23.363 +03:00 [INF] Executed endpoint 'HotelBooking.API.Controllers.BookingController.GetBookings (HotelBooking.API)'
2026-06-03 21:28:23.363 +03:00 [INF] Request finished HTTP/1.1 GET http://localhost:5071/api/Booking/bookings - 200 null application/json; charset=utf-8 7.9174ms
2026-06-03 21:28:23.365 +03:00 [INF] Request starting HTTP/1.1 GET http://localhost:5071/api/Booking/bookings - null null
2026-06-03 21:28:23.366 +03:00 [INF] Executing endpoint 'HotelBooking.API.Controllers.BookingController.GetBookings (HotelBooking.API)'
2026-06-03 21:28:23.367 +03:00 [INF] Route matched with {action = "GetBookings", controller = "Booking"}. Executing controller action with signature System.Threading.Tasks.Task`1[Microsoft.AspNetCore.Mvc.IActionResult] GetBookings() on controller HotelBooking.API.Controllers.BookingController (HotelBooking.API).
2026-06-03 21:28:23.368 +03:00 [INF] 📋 Запрос списка бронирований
2026-06-03 21:28:23.368 +03:00 [INF] Executed DbCommand (0ms) [Parameters=[], CommandType='"Text"', CommandTimeout='30']
SELECT "b"."Id", "b"."BookingId", "b"."CheckIn", "b"."CheckOut", "b"."CreatedAt", "b"."GuestEmail", "b"."GuestName", "b"."RoomId", "b"."Status", "b"."TotalAmount"
FROM "Bookings" AS "b"
2026-06-03 21:28:23.370 +03:00 [INF] ✅ Успешно загружено 19 бронирований
2026-06-03 21:28:23.370 +03:00 [INF] Executing OkObjectResult, writing value of type 'System.Collections.Generic.List`1[[IntegrationService.Models.Booking, IntegrationService, Version=1.0.0.0, Culture=neutral, PublicKeyToken=null]]'.
2026-06-03 21:28:23.371 +03:00 [INF] Executed action HotelBooking.API.Controllers.BookingController.GetBookings (HotelBooking.API) in 3.573ms
2026-06-03 21:28:23.372 +03:00 [INF] Executed endpoint 'HotelBooking.API.Controllers.BookingController.GetBookings (HotelBooking.API)'
2026-06-03 21:28:23.372 +03:00 [INF] Request finished HTTP/1.1 GET http://localhost:5071/api/Booking/bookings - 200 null application/json; charset=utf-8 7.3757ms
2026-06-03 21:33:10.675 +03:00 [INF] Application is shutting down...
2026-06-03 21:50:08.528 +03:00 [INF] Executed DbCommand (5ms) [Parameters=[], CommandType='"Text"', CommandTimeout='30']
SELECT COUNT(*) FROM "sqlite_master" WHERE "type" = 'table' AND "rootpage" IS NOT NULL;
2026-06-03 21:50:08.585 +03:00 [INF] Now listening on: http://localhost:5071
2026-06-03 21:50:08.587 +03:00 [INF] Application started. Press Ctrl+C to shut down.
2026-06-03 21:50:08.588 +03:00 [INF] Hosting environment: Development
2026-06-03 21:50:08.588 +03:00 [INF] Content root path: C:\Users\fahre\hotel-booking-integration\HotelBooking.API
2026-06-03 21:50:14.029 +03:00 [INF] Request starting HTTP/1.1 GET http://localhost:5071/api/Booking/rooms - null null
2026-06-03 21:50:14.049 +03:00 [WRN] Failed to determine the https port for redirect.
2026-06-03 21:50:14.051 +03:00 [INF] Executing endpoint 'HotelBooking.API.Controllers.BookingController.GetRooms (HotelBooking.API)'
2026-06-03 21:50:14.064 +03:00 [INF] Route matched with {action = "GetRooms", controller = "Booking"}. Executing controller action with signature System.Threading.Tasks.Task`1[Microsoft.AspNetCore.Mvc.IActionResult] GetRooms() on controller HotelBooking.API.Controllers.BookingController (HotelBooking.API).
2026-06-03 21:50:14.160 +03:00 [INF] Executed DbCommand (1ms) [Parameters=[], CommandType='"Text"', CommandTimeout='30']
SELECT "r"."Id", "r"."Capacity", "r"."HotelId", "r"."IsAvailable", "r"."PricePerNight", "r"."RoomId", "r"."Type"
FROM "Rooms" AS "r"
2026-06-03 21:50:14.199 +03:00 [INF] Executing OkObjectResult, writing value of type 'System.Collections.Generic.List`1[[IntegrationService.Models.Room, IntegrationService, Version=1.0.0.0, Culture=neutral, PublicKeyToken=null]]'.
2026-06-03 21:50:14.236 +03:00 [INF] Executed action HotelBooking.API.Controllers.BookingController.GetRooms (HotelBooking.API) in 168.9923ms
2026-06-03 21:50:14.238 +03:00 [INF] Executed endpoint 'HotelBooking.API.Controllers.BookingController.GetRooms (HotelBooking.API)'
2026-06-03 21:50:14.241 +03:00 [INF] Request finished HTTP/1.1 GET http://localhost:5071/api/Booking/rooms - 200 null application/json; charset=utf-8 213.693ms
2026-06-03 21:51:05.511 +03:00 [INF] Request starting HTTP/1.1 GET http://localhost:5071/api/Booking/rooms - null null
2026-06-03 21:51:05.515 +03:00 [INF] Executing endpoint 'HotelBooking.API.Controllers.BookingController.GetRooms (HotelBooking.API)'
2026-06-03 21:51:05.516 +03:00 [INF] Route matched with {action = "GetRooms", controller = "Booking"}. Executing controller action with signature System.Threading.Tasks.Task`1[Microsoft.AspNetCore.Mvc.IActionResult] GetRooms() on controller HotelBooking.API.Controllers.BookingController (HotelBooking.API).
2026-06-03 21:51:05.555 +03:00 [INF] Executed DbCommand (0ms) [Parameters=[], CommandType='"Text"', CommandTimeout='30']
SELECT "r"."Id", "r"."Capacity", "r"."HotelId", "r"."IsAvailable", "r"."PricePerNight", "r"."RoomId", "r"."Type"
FROM "Rooms" AS "r"
2026-06-03 21:51:05.557 +03:00 [INF] Executing OkObjectResult, writing value of type 'System.Collections.Generic.List`1[[IntegrationService.Models.Room, IntegrationService, Version=1.0.0.0, Culture=neutral, PublicKeyToken=null]]'.
2026-06-03 21:51:05.558 +03:00 [INF] Executed action HotelBooking.API.Controllers.BookingController.GetRooms (HotelBooking.API) in 40.3743ms
2026-06-03 21:51:05.559 +03:00 [INF] Executed endpoint 'HotelBooking.API.Controllers.BookingController.GetRooms (HotelBooking.API)'
2026-06-03 21:51:05.559 +03:00 [INF] Request finished HTTP/1.1 GET http://localhost:5071/api/Booking/rooms - 200 null application/json; charset=utf-8 48.7142ms
2026-06-03 21:51:17.732 +03:00 [INF] Request starting HTTP/1.1 GET http://localhost:5071/api/Booking/rooms - null null
2026-06-03 21:51:17.735 +03:00 [INF] Executing endpoint 'HotelBooking.API.Controllers.BookingController.GetRooms (HotelBooking.API)'
2026-06-03 21:51:17.735 +03:00 [INF] Route matched with {action = "GetRooms", controller = "Booking"}. Executing controller action with signature System.Threading.Tasks.Task`1[Microsoft.AspNetCore.Mvc.IActionResult] GetRooms() on controller HotelBooking.API.Controllers.BookingController (HotelBooking.API).
2026-06-03 21:51:17.738 +03:00 [INF] Executed DbCommand (0ms) [Parameters=[], CommandType='"Text"', CommandTimeout='30']
SELECT "r"."Id", "r"."Capacity", "r"."HotelId", "r"."IsAvailable", "r"."PricePerNight", "r"."RoomId", "r"."Type"
FROM "Rooms" AS "r"
2026-06-03 21:51:17.740 +03:00 [INF] Executing OkObjectResult, writing value of type 'System.Collections.Generic.List`1[[IntegrationService.Models.Room, IntegrationService, Version=1.0.0.0, Culture=neutral, PublicKeyToken=null]]'.
2026-06-03 21:51:17.741 +03:00 [INF] Executed action HotelBooking.API.Controllers.BookingController.GetRooms (HotelBooking.API) in 4.2748ms
2026-06-03 21:51:17.741 +03:00 [INF] Executed endpoint 'HotelBooking.API.Controllers.BookingController.GetRooms (HotelBooking.API)'
2026-06-03 21:51:17.742 +03:00 [INF] Request finished HTTP/1.1 GET http://localhost:5071/api/Booking/rooms - 200 null application/json; charset=utf-8 9.7974ms
2026-06-03 21:51:29.020 +03:00 [INF] Application is shutting down...
2026-06-03 21:51:43.627 +03:00 [INF] Executed DbCommand (5ms) [Parameters=[], CommandType='"Text"', CommandTimeout='30']
SELECT COUNT(*) FROM "sqlite_master" WHERE "type" = 'table' AND "rootpage" IS NOT NULL;
2026-06-03 21:51:43.684 +03:00 [INF] Now listening on: http://localhost:5071
2026-06-03 21:51:43.686 +03:00 [INF] Application started. Press Ctrl+C to shut down.
2026-06-03 21:51:43.687 +03:00 [INF] Hosting environment: Development
2026-06-03 21:51:43.688 +03:00 [INF] Content root path: C:\Users\fahre\hotel-booking-integration\HotelBooking.API
2026-06-03 21:51:46.881 +03:00 [INF] Request starting HTTP/1.1 GET http://localhost:5071/api/Booking/rooms - null null
2026-06-03 21:51:46.903 +03:00 [WRN] Failed to determine the https port for redirect.
2026-06-03 21:51:46.905 +03:00 [INF] Executing endpoint 'HotelBooking.API.Controllers.BookingController.GetRooms (HotelBooking.API)'
2026-06-03 21:51:46.919 +03:00 [INF] Route matched with {action = "GetRooms", controller = "Booking"}. Executing controller action with signature System.Threading.Tasks.Task`1[Microsoft.AspNetCore.Mvc.IActionResult] GetRooms() on controller HotelBooking.API.Controllers.BookingController (HotelBooking.API).
2026-06-03 21:51:47.013 +03:00 [INF] Executed DbCommand (1ms) [Parameters=[], CommandType='"Text"', CommandTimeout='30']
SELECT "r"."Id", "r"."Capacity", "r"."HotelId", "r"."IsAvailable", "r"."PricePerNight", "r"."RoomId", "r"."Type"
FROM "Rooms" AS "r"
2026-06-03 21:51:47.053 +03:00 [INF] Executing OkObjectResult, writing value of type 'System.Collections.Generic.List`1[[IntegrationService.Models.Room, IntegrationService, Version=1.0.0.0, Culture=neutral, PublicKeyToken=null]]'.
2026-06-03 21:51:47.090 +03:00 [INF] Executed action HotelBooking.API.Controllers.BookingController.GetRooms (HotelBooking.API) in 167.683ms
2026-06-03 21:51:47.091 +03:00 [INF] Executed endpoint 'HotelBooking.API.Controllers.BookingController.GetRooms (HotelBooking.API)'
2026-06-03 21:51:47.095 +03:00 [INF] Request finished HTTP/1.1 GET http://localhost:5071/api/Booking/rooms - 200 null application/json; charset=utf-8 214.7945ms
2026-06-03 21:51:50.322 +03:00 [INF] Request starting HTTP/1.1 GET http://localhost:5071/api/Booking/rooms - null null
2026-06-03 21:51:50.325 +03:00 [INF] Executing endpoint 'HotelBooking.API.Controllers.BookingController.GetRooms (HotelBooking.API)'
2026-06-03 21:51:50.326 +03:00 [INF] Route matched with {action = "GetRooms", controller = "Booking"}. Executing controller action with signature System.Threading.Tasks.Task`1[Microsoft.AspNetCore.Mvc.IActionResult] GetRooms() on controller HotelBooking.API.Controllers.BookingController (HotelBooking.API).
2026-06-03 21:51:50.364 +03:00 [INF] Executed DbCommand (0ms) [Parameters=[], CommandType='"Text"', CommandTimeout='30']
SELECT "r"."Id", "r"."Capacity", "r"."HotelId", "r"."IsAvailable", "r"."PricePerNight", "r"."RoomId", "r"."Type"
FROM "Rooms" AS "r"
2026-06-03 21:51:50.365 +03:00 [INF] Executing OkObjectResult, writing value of type 'System.Collections.Generic.List`1[[IntegrationService.Models.Room, IntegrationService, Version=1.0.0.0, Culture=neutral, PublicKeyToken=null]]'.
2026-06-03 21:51:50.366 +03:00 [INF] Executed action HotelBooking.API.Controllers.BookingController.GetRooms (HotelBooking.API) in 39.0673ms
2026-06-03 21:51:50.367 +03:00 [INF] Executed endpoint 'HotelBooking.API.Controllers.BookingController.GetRooms (HotelBooking.API)'
2026-06-03 21:51:50.368 +03:00 [INF] Request finished HTTP/1.1 GET http://localhost:5071/api/Booking/rooms - 200 null application/json; charset=utf-8 45.7754ms
2026-06-03 21:52:29.356 +03:00 [INF] Application is shutting down...
2026-06-03 21:52:37.207 +03:00 [INF] Executed DbCommand (6ms) [Parameters=[], CommandType='"Text"', CommandTimeout='30']
SELECT COUNT(*) FROM "sqlite_master" WHERE "type" = 'table' AND "rootpage" IS NOT NULL;
2026-06-03 21:52:37.266 +03:00 [INF] Now listening on: http://localhost:5071
2026-06-03 21:52:37.269 +03:00 [INF] Application started. Press Ctrl+C to shut down.
2026-06-03 21:52:37.269 +03:00 [INF] Hosting environment: Development
2026-06-03 21:52:37.270 +03:00 [INF] Content root path: C:\Users\fahre\hotel-booking-integration\HotelBooking.API
2026-06-03 21:52:41.772 +03:00 [INF] Request starting HTTP/1.1 GET http://localhost:5071/api/Booking/rooms - null null
2026-06-03 21:52:41.792 +03:00 [WRN] Failed to determine the https port for redirect.
2026-06-03 21:52:41.794 +03:00 [INF] Executing endpoint 'HotelBooking.API.Controllers.BookingController.GetRooms (HotelBooking.API)'
2026-06-03 21:52:41.806 +03:00 [INF] Route matched with {action = "GetRooms", controller = "Booking"}. Executing controller action with signature System.Threading.Tasks.Task`1[Microsoft.AspNetCore.Mvc.IActionResult] GetRooms() on controller HotelBooking.API.Controllers.BookingController (HotelBooking.API).
2026-06-03 21:52:41.902 +03:00 [INF] Executed DbCommand (1ms) [Parameters=[], CommandType='"Text"', CommandTimeout='30']
SELECT "r"."Id", "r"."Capacity", "r"."HotelId", "r"."IsAvailable", "r"."PricePerNight", "r"."RoomId", "r"."Type"
FROM "Rooms" AS "r"
2026-06-03 21:52:41.941 +03:00 [INF] Executing OkObjectResult, writing value of type 'System.Collections.Generic.List`1[[IntegrationService.Models.Room, IntegrationService, Version=1.0.0.0, Culture=neutral, PublicKeyToken=null]]'.
2026-06-03 21:52:41.979 +03:00 [INF] Executed action HotelBooking.API.Controllers.BookingController.GetRooms (HotelBooking.API) in 169.9439ms
2026-06-03 21:52:41.981 +03:00 [INF] Executed endpoint 'HotelBooking.API.Controllers.BookingController.GetRooms (HotelBooking.API)'
2026-06-03 21:52:41.985 +03:00 [INF] Request finished HTTP/1.1 GET http://localhost:5071/api/Booking/rooms - 200 null application/json; charset=utf-8 213.4224ms
2026-06-03 21:52:45.828 +03:00 [INF] Request starting HTTP/1.1 GET http://localhost:5071/api/Booking/rooms - null null
2026-06-03 21:52:45.831 +03:00 [INF] Executing endpoint 'HotelBooking.API.Controllers.BookingController.GetRooms (HotelBooking.API)'
2026-06-03 21:52:45.832 +03:00 [INF] Route matched with {action = "GetRooms", controller = "Booking"}. Executing controller action with signature System.Threading.Tasks.Task`1[Microsoft.AspNetCore.Mvc.IActionResult] GetRooms() on controller HotelBooking.API.Controllers.BookingController (HotelBooking.API).
2026-06-03 21:52:45.869 +03:00 [INF] Executed DbCommand (0ms) [Parameters=[], CommandType='"Text"', CommandTimeout='30']
SELECT "r"."Id", "r"."Capacity", "r"."HotelId", "r"."IsAvailable", "r"."PricePerNight", "r"."RoomId", "r"."Type"
FROM "Rooms" AS "r"
2026-06-03 21:52:45.871 +03:00 [INF] Executing OkObjectResult, writing value of type 'System.Collections.Generic.List`1[[IntegrationService.Models.Room, IntegrationService, Version=1.0.0.0, Culture=neutral, PublicKeyToken=null]]'.
2026-06-03 21:52:45.872 +03:00 [INF] Executed action HotelBooking.API.Controllers.BookingController.GetRooms (HotelBooking.API) in 38.7556ms
2026-06-03 21:52:45.872 +03:00 [INF] Executed endpoint 'HotelBooking.API.Controllers.BookingController.GetRooms (HotelBooking.API)'
2026-06-03 21:52:45.873 +03:00 [INF] Request finished HTTP/1.1 GET http://localhost:5071/api/Booking/rooms - 200 null application/json; charset=utf-8 45.6636ms
2026-06-03 21:53:06.948 +03:00 [INF] Application is shutting down...
2026-06-03 21:54:36.714 +03:00 [INF] Executed DbCommand (5ms) [Parameters=[], CommandType='"Text"', CommandTimeout='30']
SELECT COUNT(*) FROM "sqlite_master" WHERE "type" = 'table' AND "rootpage" IS NOT NULL;
2026-06-03 21:54:36.773 +03:00 [INF] Now listening on: http://localhost:5071
2026-06-03 21:54:36.775 +03:00 [INF] Application started. Press Ctrl+C to shut down.
2026-06-03 21:54:36.776 +03:00 [INF] Hosting environment: Development
2026-06-03 21:54:36.776 +03:00 [INF] Content root path: C:\Users\fahre\hotel-booking-integration\HotelBooking.API
2026-06-03 21:54:46.118 +03:00 [INF] Request starting HTTP/1.1 GET http://localhost:5071/api/Booking/rooms - null null
2026-06-03 21:54:46.138 +03:00 [WRN] Failed to determine the https port for redirect.
2026-06-03 21:54:46.140 +03:00 [INF] Executing endpoint 'HotelBooking.API.Controllers.BookingController.GetRooms (HotelBooking.API)'
2026-06-03 21:54:46.153 +03:00 [INF] Route matched with {action = "GetRooms", controller = "Booking"}. Executing controller action with signature System.Threading.Tasks.Task`1[Microsoft.AspNetCore.Mvc.IActionResult] GetRooms() on controller HotelBooking.API.Controllers.BookingController (HotelBooking.API).
2026-06-03 21:54:46.248 +03:00 [INF] Executed DbCommand (1ms) [Parameters=[], CommandType='"Text"', CommandTimeout='30']
SELECT "r"."Id", "r"."Capacity", "r"."HotelId", "r"."IsAvailable", "r"."PricePerNight", "r"."RoomId", "r"."Type"
FROM "Rooms" AS "r"
2026-06-03 21:54:46.280 +03:00 [INF] ⏱️ GetRooms из БД: 123 мс
2026-06-03 21:54:46.288 +03:00 [INF] Executing OkObjectResult, writing value of type 'System.Collections.Generic.List`1[[IntegrationService.Models.Room, IntegrationService, Version=1.0.0.0, Culture=neutral, PublicKeyToken=null]]'.
2026-06-03 21:54:46.325 +03:00 [INF] Executed action HotelBooking.API.Controllers.BookingController.GetRooms (HotelBooking.API) in 168.5916ms
2026-06-03 21:54:46.326 +03:00 [INF] Executed endpoint 'HotelBooking.API.Controllers.BookingController.GetRooms (HotelBooking.API)'
2026-06-03 21:54:46.331 +03:00 [INF] Request finished HTTP/1.1 GET http://localhost:5071/api/Booking/rooms - 200 null application/json; charset=utf-8 213.631ms
2026-06-03 21:54:47.293 +03:00 [INF] Request starting HTTP/1.1 GET http://localhost:5071/api/Booking/rooms - null null
2026-06-03 21:54:47.296 +03:00 [INF] Executing endpoint 'HotelBooking.API.Controllers.BookingController.GetRooms (HotelBooking.API)'
2026-06-03 21:54:47.297 +03:00 [INF] Route matched with {action = "GetRooms", controller = "Booking"}. Executing controller action with signature System.Threading.Tasks.Task`1[Microsoft.AspNetCore.Mvc.IActionResult] GetRooms() on controller HotelBooking.API.Controllers.BookingController (HotelBooking.API).
2026-06-03 21:54:47.335 +03:00 [INF] Executed DbCommand (0ms) [Parameters=[], CommandType='"Text"', CommandTimeout='30']
SELECT "r"."Id", "r"."Capacity", "r"."HotelId", "r"."IsAvailable", "r"."PricePerNight", "r"."RoomId", "r"."Type"
FROM "Rooms" AS "r"
2026-06-03 21:54:47.336 +03:00 [INF] ⏱️ GetRooms из БД: 37 мс
2026-06-03 21:54:47.337 +03:00 [INF] Executing OkObjectResult, writing value of type 'System.Collections.Generic.List`1[[IntegrationService.Models.Room, IntegrationService, Version=1.0.0.0, Culture=neutral, PublicKeyToken=null]]'.
2026-06-03 21:54:47.338 +03:00 [INF] Executed action HotelBooking.API.Controllers.BookingController.GetRooms (HotelBooking.API) in 40.3321ms
2026-06-03 21:54:47.339 +03:00 [INF] Executed endpoint 'HotelBooking.API.Controllers.BookingController.GetRooms (HotelBooking.API)'
2026-06-03 21:54:47.339 +03:00 [INF] Request finished HTTP/1.1 GET http://localhost:5071/api/Booking/rooms - 200 null application/json; charset=utf-8 46.9507ms
2026-06-03 21:55:18.387 +03:00 [INF] Application is shutting down...
2026-06-03 21:55:33.188 +03:00 [INF] Executed DbCommand (5ms) [Parameters=[], CommandType='"Text"', CommandTimeout='30']
SELECT COUNT(*) FROM "sqlite_master" WHERE "type" = 'table' AND "rootpage" IS NOT NULL;
2026-06-03 21:55:33.246 +03:00 [INF] Now listening on: http://localhost:5071
2026-06-03 21:55:33.248 +03:00 [INF] Application started. Press Ctrl+C to shut down.
2026-06-03 21:55:33.249 +03:00 [INF] Hosting environment: Development
2026-06-03 21:55:33.249 +03:00 [INF] Content root path: C:\Users\fahre\hotel-booking-integration\HotelBooking.API
2026-06-03 21:55:43.844 +03:00 [INF] Request starting HTTP/1.1 GET http://localhost:5071/api/Booking/rooms - null null
2026-06-03 21:55:43.863 +03:00 [WRN] Failed to determine the https port for redirect.
2026-06-03 21:55:43.866 +03:00 [INF] Executing endpoint 'HotelBooking.API.Controllers.BookingController.GetRooms (HotelBooking.API)'
2026-06-03 21:55:43.879 +03:00 [INF] Route matched with {action = "GetRooms", controller = "Booking"}. Executing controller action with signature System.Threading.Tasks.Task`1[Microsoft.AspNetCore.Mvc.IActionResult] GetRooms() on controller HotelBooking.API.Controllers.BookingController (HotelBooking.API).
2026-06-03 21:55:43.882 +03:00 [INF] Кэш пуст, идём в БД...
2026-06-03 21:55:43.975 +03:00 [INF] Executed DbCommand (1ms) [Parameters=[], CommandType='"Text"', CommandTimeout='30']
SELECT "r"."Id", "r"."Capacity", "r"."HotelId", "r"."IsAvailable", "r"."PricePerNight", "r"."RoomId", "r"."Type"
FROM "Rooms" AS "r"
2026-06-03 21:55:44.007 +03:00 [INF] ⏱️ GetRooms из БД: 125 мс
2026-06-03 21:55:44.015 +03:00 [INF] Executing OkObjectResult, writing value of type 'System.Collections.Generic.List`1[[IntegrationService.Models.Room, IntegrationService, Version=1.0.0.0, Culture=neutral, PublicKeyToken=null]]'.
2026-06-03 21:55:44.051 +03:00 [INF] Executed action HotelBooking.API.Controllers.BookingController.GetRooms (HotelBooking.API) in 169.156ms
2026-06-03 21:55:44.052 +03:00 [INF] Executed endpoint 'HotelBooking.API.Controllers.BookingController.GetRooms (HotelBooking.API)'
2026-06-03 21:55:44.056 +03:00 [INF] Request finished HTTP/1.1 GET http://localhost:5071/api/Booking/rooms - 200 null application/json; charset=utf-8 212.9347ms
2026-06-03 21:55:44.968 +03:00 [INF] Request starting HTTP/1.1 GET http://localhost:5071/api/Booking/rooms - null null
2026-06-03 21:55:44.971 +03:00 [INF] Executing endpoint 'HotelBooking.API.Controllers.BookingController.GetRooms (HotelBooking.API)'
2026-06-03 21:55:44.972 +03:00 [INF] Route matched with {action = "GetRooms", controller = "Booking"}. Executing controller action with signature System.Threading.Tasks.Task`1[Microsoft.AspNetCore.Mvc.IActionResult] GetRooms() on controller HotelBooking.API.Controllers.BookingController (HotelBooking.API).
2026-06-03 21:55:44.974 +03:00 [INF] ⏱️ GetRooms из кэша: 0 мс
2026-06-03 21:55:44.975 +03:00 [INF] Executing OkObjectResult, writing value of type 'System.Collections.Generic.List`1[[IntegrationService.Models.Room, IntegrationService, Version=1.0.0.0, Culture=neutral, PublicKeyToken=null]]'.
2026-06-03 21:55:44.976 +03:00 [INF] Executed action HotelBooking.API.Controllers.BookingController.GetRooms (HotelBooking.API) in 2.9375ms
2026-06-03 21:55:44.976 +03:00 [INF] Executed endpoint 'HotelBooking.API.Controllers.BookingController.GetRooms (HotelBooking.API)'
2026-06-03 21:55:44.977 +03:00 [INF] Request finished HTTP/1.1 GET http://localhost:5071/api/Booking/rooms - 200 null application/json; charset=utf-8 9.6413ms
2026-06-03 22:04:53.519 +03:00 [INF] Application is shutting down...
2026-06-03 22:16:47.273 +03:00 [INF] Executed DbCommand (6ms) [Parameters=[], CommandType='"Text"', CommandTimeout='30']
SELECT COUNT(*) FROM "sqlite_master" WHERE "type" = 'table' AND "rootpage" IS NOT NULL;
2026-06-03 22:16:47.333 +03:00 [INF] Now listening on: http://localhost:5071
2026-06-03 22:16:47.335 +03:00 [INF] Application started. Press Ctrl+C to shut down.
2026-06-03 22:16:47.335 +03:00 [INF] Hosting environment: Development
2026-06-03 22:16:47.335 +03:00 [INF] Content root path: C:\Users\fahre\hotel-booking-integration\HotelBooking.API
2026-06-03 22:17:01.469 +03:00 [INF] Executed DbCommand (5ms) [Parameters=[], CommandType='"Text"', CommandTimeout='30']
SELECT COUNT(*) FROM "sqlite_master" WHERE "type" = 'table' AND "rootpage" IS NOT NULL;
2026-06-03 22:17:01.528 +03:00 [INF] Now listening on: http://localhost:5071
2026-06-03 22:17:01.530 +03:00 [INF] Application started. Press Ctrl+C to shut down.
2026-06-03 22:17:01.530 +03:00 [INF] Hosting environment: Development
2026-06-03 22:17:01.531 +03:00 [INF] Content root path: C:\Users\fahre\hotel-booking-integration\HotelBooking.API
2026-06-03 22:17:06.141 +03:00 [INF] Request starting HTTP/1.1 GET http://localhost:5071/swagger - null null
2026-06-03 22:17:06.163 +03:00 [INF] Request finished HTTP/1.1 GET http://localhost:5071/swagger - 301 0 null 23.0037ms
2026-06-03 22:17:06.167 +03:00 [INF] Request starting HTTP/1.1 GET http://localhost:5071/swagger/index.html - null null
2026-06-03 22:17:06.207 +03:00 [INF] Request finished HTTP/1.1 GET http://localhost:5071/swagger/index.html - 200 null text/html;charset=utf-8 39.8321ms
2026-06-03 22:17:06.299 +03:00 [INF] Request starting HTTP/1.1 GET http://localhost:5071/swagger/v1/swagger.json - null null
2026-06-03 22:17:06.353 +03:00 [INF] Request finished HTTP/1.1 GET http://localhost:5071/swagger/v1/swagger.json - 200 null application/json;charset=utf-8 54.1404ms
2026-06-03 22:39:33.673 +03:00 [INF] Application is shutting down...
2026-06-03 22:39:39.284 +03:00 [INF] Executed DbCommand (6ms) [Parameters=[], CommandType='"Text"', CommandTimeout='30']
SELECT COUNT(*) FROM "sqlite_master" WHERE "type" = 'table' AND "rootpage" IS NOT NULL;
2026-06-03 22:39:39.343 +03:00 [INF] Now listening on: http://localhost:5071
2026-06-03 22:39:39.345 +03:00 [INF] Application started. Press Ctrl+C to shut down.
2026-06-03 22:39:39.346 +03:00 [INF] Hosting environment: Development
2026-06-03 22:39:39.346 +03:00 [INF] Content root path: C:\Users\fahre\hotel-booking-integration\HotelBooking.API
2026-06-03 22:40:23.364 +03:00 [INF] Request starting HTTP/1.1 GET http://localhost:5071/swagger/index.html - null null
2026-06-03 22:40:23.429 +03:00 [INF] Request finished HTTP/1.1 GET http://localhost:5071/swagger/index.html - 200 null text/html;charset=utf-8 66.147ms
2026-06-03 22:40:23.520 +03:00 [INF] Request starting HTTP/1.1 GET http://localhost:5071/swagger/v1/swagger.json - null null
2026-06-03 22:40:23.572 +03:00 [INF] Request finished HTTP/1.1 GET http://localhost:5071/swagger/v1/swagger.json - 200 null application/json;charset=utf-8 52.0275ms
2026-06-03 22:40:38.351 +03:00 [INF] Request starting HTTP/1.1 GET http://localhost:5071/api/Booking/rooms - null null
2026-06-03 22:40:38.357 +03:00 [WRN] Failed to determine the https port for redirect.
2026-06-03 22:40:38.359 +03:00 [INF] Executing endpoint 'HotelBooking.API.Controllers.BookingController.GetRooms (HotelBooking.API)'
2026-06-03 22:40:38.373 +03:00 [INF] Route matched with {action = "GetRooms", controller = "Booking"}. Executing controller action with signature System.Threading.Tasks.Task`1[Microsoft.AspNetCore.Mvc.IActionResult] GetRooms() on controller HotelBooking.API.Controllers.BookingController (HotelBooking.API).
2026-06-03 22:40:38.376 +03:00 [INF] Кэш пуст, идём в БД...
2026-06-03 22:40:38.471 +03:00 [INF] Executed DbCommand (1ms) [Parameters=[], CommandType='"Text"', CommandTimeout='30']
SELECT "r"."Id", "r"."Capacity", "r"."HotelId", "r"."IsAvailable", "r"."PricePerNight", "r"."RoomId", "r"."Type"
FROM "Rooms" AS "r"
2026-06-03 22:40:38.505 +03:00 [INF] ⏱️ GetRooms из БД: 128 мс
2026-06-03 22:40:38.509 +03:00 [INF] Executing OkObjectResult, writing value of type 'System.Collections.Generic.List`1[[IntegrationService.Models.Room, IntegrationService, Version=1.0.0.0, Culture=neutral, PublicKeyToken=null]]'.
2026-06-03 22:40:38.539 +03:00 [INF] Executed action HotelBooking.API.Controllers.BookingController.GetRooms (HotelBooking.API) in 163.9267ms
2026-06-03 22:40:38.540 +03:00 [INF] Executed endpoint 'HotelBooking.API.Controllers.BookingController.GetRooms (HotelBooking.API)'
2026-06-03 22:40:38.543 +03:00 [INF] Request finished HTTP/1.1 GET http://localhost:5071/api/Booking/rooms - 200 null application/json; charset=utf-8 192.1823ms
2026-06-03 22:45:33.397 +03:00 [INF] Request starting HTTP/1.1 GET http://localhost:5071/api/Booking/bookings - null null
2026-06-03 22:45:33.399 +03:00 [INF] Executing endpoint 'HotelBooking.API.Controllers.BookingController.GetBookings (HotelBooking.API)'
2026-06-03 22:45:33.402 +03:00 [INF] Route matched with {action = "GetBookings", controller = "Booking"}. Executing controller action with signature System.Threading.Tasks.Task`1[Microsoft.AspNetCore.Mvc.IActionResult] GetBookings() on controller HotelBooking.API.Controllers.BookingController (HotelBooking.API).
2026-06-03 22:45:33.444 +03:00 [INF] Executed DbCommand (0ms) [Parameters=[], CommandType='"Text"', CommandTimeout='30']
SELECT "b"."Id", "b"."BookingId", "b"."CheckIn", "b"."CheckOut", "b"."CreatedAt", "b"."GuestEmail", "b"."GuestName", "b"."RoomId", "b"."Status", "b"."TotalAmount"
FROM "Bookings" AS "b"
2026-06-03 22:45:33.458 +03:00 [INF] Executing OkObjectResult, writing value of type 'System.Collections.Generic.List`1[[IntegrationService.Models.Booking, IntegrationService, Version=1.0.0.0, Culture=neutral, PublicKeyToken=null]]'.
2026-06-03 22:45:33.465 +03:00 [INF] Executed action HotelBooking.API.Controllers.BookingController.GetBookings (HotelBooking.API) in 61.397ms
2026-06-03 22:45:33.466 +03:00 [INF] Executed endpoint 'HotelBooking.API.Controllers.BookingController.GetBookings (HotelBooking.API)'
2026-06-03 22:45:33.466 +03:00 [INF] Request finished HTTP/1.1 GET http://localhost:5071/api/Booking/bookings - 200 null application/json; charset=utf-8 69.6686ms
2026-06-03 22:48:53.148 +03:00 [INF] Request starting HTTP/1.1 POST http://localhost:5071/api/Booking/book - application/json 151
2026-06-03 22:48:53.149 +03:00 [INF] Executing endpoint 'HotelBooking.API.Controllers.BookingController.CreateBooking (HotelBooking.API)'
2026-06-03 22:48:53.155 +03:00 [INF] Route matched with {action = "CreateBooking", controller = "Booking"}. Executing controller action with signature System.Threading.Tasks.Task`1[Microsoft.AspNetCore.Mvc.IActionResult] CreateBooking(HotelBooking.API.Controllers.CreateBookingRequest) on controller HotelBooking.API.Controllers.BookingController (HotelBooking.API).
2026-06-03 22:48:53.173 +03:00 [INF] ========== НАЧАЛО СКВОЗНОГО СЦЕНАРИЯ ==========
2026-06-03 22:48:53.174 +03:00 [INF] 1️⃣ Гость выбирает номер: r_101
2026-06-03 22:48:53.174 +03:00 [INF] 2️⃣ Проверка доступности номера...
2026-06-03 22:48:53.219 +03:00 [INF] Executed DbCommand (2ms) [Parameters=[@__roomId_0='?' (Size = 5)], CommandType='"Text"', CommandTimeout='30']
SELECT "r"."Id", "r"."Capacity", "r"."HotelId", "r"."IsAvailable", "r"."PricePerNight", "r"."RoomId", "r"."Type"
FROM "Rooms" AS "r"
WHERE "r"."RoomId" = @__roomId_0
LIMIT 1
2026-06-03 22:48:53.221 +03:00 [INF]    ✅ Номер доступен
2026-06-03 22:48:53.221 +03:00 [INF] 3️⃣ Создание бронирования...
2026-06-03 22:48:53.278 +03:00 [INF] Executed DbCommand (0ms) [Parameters=[@p0='?' (Size = 36), @p1='?' (DbType = DateTime), @p2='?' (DbType = DateTime), @p3='?' (DbType = DateTime), @p4='?' (Size = 13), @p5='?' (Size = 11), @p6='?' (Size = 5), @p7='?' (Size = 7), @p8='?' (DbType = Decimal)], CommandType='"Text"', CommandTimeout='30']
INSERT INTO "Bookings" ("BookingId", "CheckIn", "CheckOut", "CreatedAt", "GuestEmail", "GuestName", "RoomId", "Status", "TotalAmount")
VALUES (@p0, @p1, @p2, @p3, @p4, @p5, @p6, @p7, @p8)
RETURNING "Id";
2026-06-03 22:48:53.296 +03:00 [INF]    ✅ Бронирование создано: BookingId=ca335387-9daf-4478-bf11-db128e44f1ec, Сумма=40000.0 руб
2026-06-03 22:48:53.298 +03:00 [INF] 4️⃣ Обработка оплаты...
2026-06-03 22:48:53.319 +03:00 [INF] Executed DbCommand (0ms) [Parameters=[@p1='?' (DbType = Int32), @p0='?' (Size = 9)], CommandType='"Text"', CommandTimeout='30']
UPDATE "Bookings" SET "Status" = @p0
WHERE "Id" = @p1
RETURNING 1;
2026-06-03 22:48:53.321 +03:00 [INF] Executed DbCommand (0ms) [Parameters=[@p0='?' (DbType = Decimal), @p1='?' (Size = 36), @p2='?' (DbType = DateTime), @p3='?' (Size = 36), @p4='?' (Size = 7)], CommandType='"Text"', CommandTimeout='30']
INSERT INTO "Payments" ("Amount", "BookingId", "PaymentDate", "PaymentId", "Status")
VALUES (@p0, @p1, @p2, @p3, @p4)
RETURNING "Id";
2026-06-03 22:48:53.330 +03:00 [INF]    ✅ Оплата проведена: PaymentId=361a498b-24ad-4256-a324-2fb5cd675cde, Статус=SUCCESS
2026-06-03 22:48:53.331 +03:00 [INF] 5️⃣ Подтверждение бронирования...
2026-06-03 22:48:53.332 +03:00 [INF]    ✅ Бронирование ПОДТВЕРЖДЕНО!
2026-06-03 22:48:53.333 +03:00 [INF] ========== СКВОЗНОЙ СЦЕНАРИЙ ЗАВЕРШЕН УСПЕШНО ==========
2026-06-03 22:48:53.336 +03:00 [INF] Executed DbCommand (0ms) [Parameters=[@__bookingId_0='?' (Size = 36)], CommandType='"Text"', CommandTimeout='30']
SELECT "b"."Id", "b"."BookingId", "b"."CheckIn", "b"."CheckOut", "b"."CreatedAt", "b"."GuestEmail", "b"."GuestName", "b"."RoomId", "b"."Status", "b"."TotalAmount"
FROM "Bookings" AS "b"
WHERE "b"."BookingId" = @__bookingId_0
LIMIT 1
2026-06-03 22:48:53.338 +03:00 [INF] Кэш rooms_list очищен
2026-06-03 22:48:53.339 +03:00 [INF] Executing OkObjectResult, writing value of type '<>f__AnonymousType0`3[[System.Boolean, System.Private.CoreLib, Version=8.0.0.0, Culture=neutral, PublicKeyToken=7cec85d7bea7798e],[System.String, System.Private.CoreLib, Version=8.0.0.0, Culture=neutral, PublicKeyToken=7cec85d7bea7798e],[System.Nullable`1[[System.Decimal, System.Private.CoreLib, Version=8.0.0.0, Culture=neutral, PublicKeyToken=7cec85d7bea7798e]], System.Private.CoreLib, Version=8.0.0.0, Culture=neutral, PublicKeyToken=7cec85d7bea7798e]]'.
2026-06-03 22:48:53.349 +03:00 [INF] Executed action HotelBooking.API.Controllers.BookingController.CreateBooking (HotelBooking.API) in 193.3006ms
2026-06-03 22:48:53.350 +03:00 [INF] Executed endpoint 'HotelBooking.API.Controllers.BookingController.CreateBooking (HotelBooking.API)'
2026-06-03 22:48:53.351 +03:00 [INF] Request finished HTTP/1.1 POST http://localhost:5071/api/Booking/book - 200 null application/json; charset=utf-8 203.1166ms
2026-06-03 22:51:18.836 +03:00 [INF] Request starting HTTP/1.1 GET http://localhost:5071/ - null null
2026-06-03 22:51:18.845 +03:00 [INF] The file /index.html was not modified
2026-06-03 22:51:18.846 +03:00 [INF] Request finished HTTP/1.1 GET http://localhost:5071/index.html - 304 null text/html 9.392ms
2026-06-03 22:51:18.897 +03:00 [INF] Request starting HTTP/1.1 GET http://localhost:5071/api/Booking/rooms - null null
2026-06-03 22:51:18.898 +03:00 [INF] Request starting HTTP/1.1 GET http://localhost:5071/api/Booking/bookings - null null
2026-06-03 22:51:18.899 +03:00 [INF] Executing endpoint 'HotelBooking.API.Controllers.BookingController.GetRooms (HotelBooking.API)'
2026-06-03 22:51:18.900 +03:00 [INF] Executing endpoint 'HotelBooking.API.Controllers.BookingController.GetBookings (HotelBooking.API)'
2026-06-03 22:51:18.900 +03:00 [INF] Route matched with {action = "GetRooms", controller = "Booking"}. Executing controller action with signature System.Threading.Tasks.Task`1[Microsoft.AspNetCore.Mvc.IActionResult] GetRooms() on controller HotelBooking.API.Controllers.BookingController (HotelBooking.API).
2026-06-03 22:51:18.900 +03:00 [INF] Route matched with {action = "GetBookings", controller = "Booking"}. Executing controller action with signature System.Threading.Tasks.Task`1[Microsoft.AspNetCore.Mvc.IActionResult] GetBookings() on controller HotelBooking.API.Controllers.BookingController (HotelBooking.API).
2026-06-03 22:51:18.902 +03:00 [INF] Кэш пуст, идём в БД...
2026-06-03 22:51:18.903 +03:00 [INF] Executed DbCommand (0ms) [Parameters=[], CommandType='"Text"', CommandTimeout='30']
SELECT "r"."Id", "r"."Capacity", "r"."HotelId", "r"."IsAvailable", "r"."PricePerNight", "r"."RoomId", "r"."Type"
FROM "Rooms" AS "r"
2026-06-03 22:51:18.904 +03:00 [INF] Executed DbCommand (0ms) [Parameters=[], CommandType='"Text"', CommandTimeout='30']
SELECT "b"."Id", "b"."BookingId", "b"."CheckIn", "b"."CheckOut", "b"."CreatedAt", "b"."GuestEmail", "b"."GuestName", "b"."RoomId", "b"."Status", "b"."TotalAmount"
FROM "Bookings" AS "b"
2026-06-03 22:51:18.905 +03:00 [INF] ⏱️ GetRooms из БД: 3 мс
2026-06-03 22:51:18.906 +03:00 [INF] Executing OkObjectResult, writing value of type 'System.Collections.Generic.List`1[[IntegrationService.Models.Booking, IntegrationService, Version=1.0.0.0, Culture=neutral, PublicKeyToken=null]]'.
2026-06-03 22:51:18.906 +03:00 [INF] Executing OkObjectResult, writing value of type 'System.Collections.Generic.List`1[[IntegrationService.Models.Room, IntegrationService, Version=1.0.0.0, Culture=neutral, PublicKeyToken=null]]'.
2026-06-03 22:51:18.907 +03:00 [INF] Executed action HotelBooking.API.Controllers.BookingController.GetBookings (HotelBooking.API) in 4.3655ms
2026-06-03 22:51:18.907 +03:00 [INF] Executed action HotelBooking.API.Controllers.BookingController.GetRooms (HotelBooking.API) in 5.8457ms
2026-06-03 22:51:18.908 +03:00 [INF] Request starting HTTP/1.1 GET http://localhost:5071/api/Booking/bookings - null null
2026-06-03 22:51:18.908 +03:00 [INF] Executed endpoint 'HotelBooking.API.Controllers.BookingController.GetBookings (HotelBooking.API)'
2026-06-03 22:51:18.908 +03:00 [INF] Executed endpoint 'HotelBooking.API.Controllers.BookingController.GetRooms (HotelBooking.API)'
2026-06-03 22:51:18.910 +03:00 [INF] Executing endpoint 'HotelBooking.API.Controllers.BookingController.GetBookings (HotelBooking.API)'
2026-06-03 22:51:18.910 +03:00 [INF] Request finished HTTP/1.1 GET http://localhost:5071/api/Booking/bookings - 200 null application/json; charset=utf-8 12.8483ms
2026-06-03 22:51:18.911 +03:00 [INF] Request finished HTTP/1.1 GET http://localhost:5071/api/Booking/rooms - 200 null application/json; charset=utf-8 13.545ms
2026-06-03 22:51:18.912 +03:00 [INF] Route matched with {action = "GetBookings", controller = "Booking"}. Executing controller action with signature System.Threading.Tasks.Task`1[Microsoft.AspNetCore.Mvc.IActionResult] GetBookings() on controller HotelBooking.API.Controllers.BookingController (HotelBooking.API).
2026-06-03 22:51:18.916 +03:00 [INF] Executed DbCommand (0ms) [Parameters=[], CommandType='"Text"', CommandTimeout='30']
SELECT "b"."Id", "b"."BookingId", "b"."CheckIn", "b"."CheckOut", "b"."CreatedAt", "b"."GuestEmail", "b"."GuestName", "b"."RoomId", "b"."Status", "b"."TotalAmount"
FROM "Bookings" AS "b"
2026-06-03 22:51:18.918 +03:00 [INF] Executing OkObjectResult, writing value of type 'System.Collections.Generic.List`1[[IntegrationService.Models.Booking, IntegrationService, Version=1.0.0.0, Culture=neutral, PublicKeyToken=null]]'.
2026-06-03 22:51:18.919 +03:00 [INF] Executed action HotelBooking.API.Controllers.BookingController.GetBookings (HotelBooking.API) in 3.2746ms
2026-06-03 22:51:18.919 +03:00 [INF] Executed endpoint 'HotelBooking.API.Controllers.BookingController.GetBookings (HotelBooking.API)'
2026-06-03 22:51:18.920 +03:00 [INF] Request finished HTTP/1.1 GET http://localhost:5071/api/Booking/bookings - 200 null application/json; charset=utf-8 12.4676ms
2026-06-03 22:51:52.379 +03:00 [INF] Request starting HTTP/1.1 GET http://localhost:5071/api/Booking/bookings - null null
2026-06-03 22:51:52.380 +03:00 [INF] Executing endpoint 'HotelBooking.API.Controllers.BookingController.GetBookings (HotelBooking.API)'
2026-06-03 22:51:52.381 +03:00 [INF] Route matched with {action = "GetBookings", controller = "Booking"}. Executing controller action with signature System.Threading.Tasks.Task`1[Microsoft.AspNetCore.Mvc.IActionResult] GetBookings() on controller HotelBooking.API.Controllers.BookingController (HotelBooking.API).
2026-06-03 22:51:52.383 +03:00 [INF] Executed DbCommand (0ms) [Parameters=[], CommandType='"Text"', CommandTimeout='30']
SELECT "b"."Id", "b"."BookingId", "b"."CheckIn", "b"."CheckOut", "b"."CreatedAt", "b"."GuestEmail", "b"."GuestName", "b"."RoomId", "b"."Status", "b"."TotalAmount"
FROM "Bookings" AS "b"
2026-06-03 22:51:52.384 +03:00 [INF] Executing OkObjectResult, writing value of type 'System.Collections.Generic.List`1[[IntegrationService.Models.Booking, IntegrationService, Version=1.0.0.0, Culture=neutral, PublicKeyToken=null]]'.
2026-06-03 22:51:52.385 +03:00 [INF] Executed action HotelBooking.API.Controllers.BookingController.GetBookings (HotelBooking.API) in 3.0088ms
2026-06-03 22:51:52.385 +03:00 [INF] Executed endpoint 'HotelBooking.API.Controllers.BookingController.GetBookings (HotelBooking.API)'
2026-06-03 22:51:52.386 +03:00 [INF] Request finished HTTP/1.1 GET http://localhost:5071/api/Booking/bookings - 200 null application/json; charset=utf-8 7.0281ms
2026-06-03 23:20:58.621 +03:00 [INF] Application is shutting down...
